cod_ibge_original,year_valid_from,cod_ibge_2023,harmonization_type
1100015,2015,1100015,stable
1100023,2015,1100023,stable
1100031,2015,1100031,stable
1100049,2015,1100049,stable
1100056,2015,1100056,stable
1100064,2015,1100064,stable
1100072,2015,1100072,stable
1100080,2015,1100080,stable
1100098,2015,1100098,stable
1100106,2015,1100106,stable
1100114,2015,1100114,stable
1100122,2015,1100122,stable
1100130,2015,1100130,stable
1100148,2015,1100148,stable
1100155,2015,1100155,stable
1100189,2015,1100189,stable
1100205,2015,1100205,stable
1100254,2015,1100254,stable
1100262,2015,1100262,stable
1100288,2015,1100288,stable
1100296,2015,1100296,stable
1100304,2015,1100304,stable
1100320,2015,1100320,stable
1100338,2015,1100338,stable
1100346,2015,1100346,stable
1100379,2015,1100379,stable
1100403,2015,1100403,stable
1100452,2015,1100452,stable
1100502,2015,1100502,stable
1100601,2015,1100601,stable
1100700,2015,1100700,stable
1100809,2015,1100809,stable
1100908,2015,1100908,stable
1100924,2015,1100924,stable
1100940,2015,1100940,stable
1101005,2015,1101005,stable
1101104,2015,1101104,stable
1101203,2015,1101203,stable
1101302,2015,1101302,stable
1101401,2015,1101401,stable
1101435,2015,1101435,stable
1101450,2015,1101450,stable
1101468,2015,1101468,stable
1101476,2015,1101476,stable
1101484,2015,1101484,stable
1101492,2015,1101492,stable
1101500,2015,1101500,stable
1101559,2015,1101559,stable
1101609,2015,1101609,stable
1101708,2015,1101708,stable
1101757,2015,1101757,stable
1101807,2015,1101807,stable
1200013,2015,1200013,stable
1200054,2015,1200054,stable
1200104,2015,1200104,stable
1200138,2015,1200138,stable
1200179,2015,1200179,stable
1200203,2015,1200203,stable
1200252,2015,1200252,stable
1200302,2015,1200302,stable
1200328,2015,1200328,stable
1200336,2015,1200336,stable
1200344,2015,1200344,stable
1200351,2015,1200351,stable
1200385,2015,1200385,stable
1200393,2015,1200393,stable
1200401,2015,1200401,stable
1200427,2015,1200427,stable
1200435,2015,1200435,stable
1200450,2015,1200450,stable
1200500,2015,1200500,stable
1200609,2015,1200609,stable
1200708,2015,1200708,stable
1200807,2015,1200807,stable
1300029,2015,1300029,stable
1300060,2015,1300060,stable
1300086,2015,1300086,stable
1300102,2015,1300102,stable
1300144,2015,1300144,stable
1300201,2015,1300201,stable
1300300,2015,1300300,stable
1300409,2015,1300409,stable
1300508,2015,1300508,stable
1300607,2015,1300607,stable
1300631,2015,1300631,stable
1300680,2015,1300680,stable
1300706,2015,1300706,stable
1300805,2015,1300805,stable
1300839,2015,1300839,stable
1300904,2015,1300904,stable
1301001,2015,1301001,stable
1301100,2015,1301100,stable
1301159,2015,1301159,stable
1301209,2015,1301209,stable
1301308,2015,1301308,stable
1301407,2015,1301407,stable
1301506,2015,1301506,stable
1301605,2015,1301605,stable
1301654,2015,1301654,stable
1301704,2015,1301704,stable
1301803,2015,1301803,stable
1301852,2015,1301852,stable
1301902,2015,1301902,stable
1301951,2015,1301951,stable
1302009,2015,1302009,stable
1302108,2015,1302108,stable
1302207,2015,1302207,stable
1302306,2015,1302306,stable
1302405,2015,1302405,stable
1302504,2015,1302504,stable
1302553,2015,1302553,stable
1302603,2015,1302603,stable
1302702,2015,1302702,stable
1302801,2015,1302801,stable
1302900,2015,1302900,stable
1303007,2015,1303007,stable
1303106,2015,1303106,stable
1303205,2015,1303205,stable
1303304,2015,1303304,stable
1303403,2015,1303403,stable
1303502,2015,1303502,stable
1303536,2015,1303536,stable
1303569,2015,1303569,stable
1303601,2015,1303601,stable
1303700,2015,1303700,stable
1303809,2015,1303809,stable
1303908,2015,1303908,stable
1303957,2015,1303957,stable
1304005,2015,1304005,stable
1304062,2015,1304062,stable
1304104,2015,1304104,stable
1304203,2015,1304203,stable
1304237,2015,1304237,stable
1304260,2015,1304260,stable
1304302,2015,1304302,stable
1304401,2015,1304401,stable
1400027,2015,1400027,stable
1400050,2015,1400050,stable
1400100,2015,1400100,stable
1400159,2015,1400159,stable
1400175,2015,1400175,stable
1400209,2015,1400209,stable
1400233,2015,1400233,stable
1400282,2015,1400282,stable
1400308,2015,1400308,stable
1400407,2015,1400407,stable
1400456,2015,1400456,stable
1400472,2015,1400472,stable
1400506,2015,1400506,stable
1400605,2015,1400605,stable
1400704,2015,1400704,stable
1500107,2015,1500107,stable
1500131,2015,1500131,stable
1500206,2015,1500206,stable
1500305,2015,1500305,stable
1500347,2015,1500347,stable
1500404,2015,1500404,stable
1500503,2015,1500503,stable
1500602,2015,1500602,stable
1500701,2015,1500701,stable
1500800,2015,1500800,stable
1500859,2015,1500859,stable
1500909,2015,1500909,stable
1500958,2015,1500958,stable
1501006,2015,1501006,stable
1501105,2015,1501105,stable
1501204,2015,1501204,stable
1501253,2015,1501253,stable
1501303,2015,1501303,stable
1501402,2015,1501402,stable
1501451,2015,1501451,stable
1501501,2015,1501501,stable
1501576,2015,1501576,stable
1501600,2015,1501600,stable
1501709,2015,1501709,stable
1501725,2015,1501725,stable
1501758,2015,1501758,stable
1501782,2015,1501782,stable
1501808,2015,1501808,stable
1501907,2015,1501907,stable
1501956,2015,1501956,stable
1502004,2015,1502004,stable
1502103,2015,1502103,stable
1502152,2015,1502152,stable
1502202,2015,1502202,stable
1502301,2015,1502301,stable
1502400,2015,1502400,stable
1502509,2015,1502509,stable
1502608,2015,1502608,stable
1502707,2015,1502707,stable
1502756,2015,1502756,stable
1502764,2015,1502764,stable
1502772,2015,1502772,stable
1502806,2015,1502806,stable
1502855,2015,1502855,stable
1502905,2015,1502905,stable
1502939,2015,1502939,stable
1502954,2015,1502954,stable
1503002,2015,1503002,stable
1503044,2015,1503044,stable
1503077,2015,1503077,stable
1503093,2015,1503093,stable
1503101,2015,1503101,stable
1503200,2015,1503200,stable
1503309,2015,1503309,stable
1503408,2015,1503408,stable
1503457,2015,1503457,stable
1503507,2015,1503507,stable
1503606,2015,1503606,stable
1503705,2015,1503705,stable
1503754,2015,1503754,stable
1503804,2015,1503804,stable
1503903,2015,1503903,stable
1504000,2015,1504000,stable
1504059,2015,1504059,stable
1504109,2015,1504109,stable
1504208,2015,1504208,stable
1504307,2015,1504307,stable
1504406,2015,1504406,stable
1504422,2015,1504422,stable
1504455,2015,1504455,stable
1504505,2015,1504505,stable
1504604,2015,1504604,stable
1504703,2015,1504703,stable
1504752,2015,1504752,stable
1504802,2015,1504802,stable
1504901,2015,1504901,stable
1504950,2015,1504950,stable
1504976,2015,1504976,stable
1505007,2015,1505007,stable
1505031,2015,1505031,stable
1505064,2015,1505064,stable
1505106,2015,1505106,stable
1505205,2015,1505205,stable
1505304,2015,1505304,stable
1505403,2015,1505403,stable
1505437,2015,1505437,stable
1505486,2015,1505486,stable
1505494,2015,1505494,stable
1505502,2015,1505502,stable
1505536,2015,1505536,stable
1505551,2015,1505551,stable
1505601,2015,1505601,stable
1505635,2015,1505635,stable
1505650,2015,1505650,stable
1505700,2015,1505700,stable
1505809,2015,1505809,stable
1505908,2015,1505908,stable
1506005,2015,1506005,stable
1506104,2015,1506104,stable
1506112,2015,1506112,stable
1506138,2015,1506138,stable
1506161,2015,1506161,stable
1506187,2015,1506187,stable
1506195,2015,1506195,stable
1506203,2015,1506203,stable
1506302,2015,1506302,stable
1506351,2015,1506351,stable
1506401,2015,1506401,stable
1506500,2015,1506500,stable
1506559,2015,1506559,stable
1506583,2015,1506583,stable
1506609,2015,1506609,stable
1506708,2015,1506708,stable
1506807,2015,1506807,stable
1506906,2015,1506906,stable
1507003,2015,1507003,stable
1507102,2015,1507102,stable
1507151,2015,1507151,stable
1507201,2015,1507201,stable
1507300,2015,1507300,stable
1507409,2015,1507409,stable
1507458,2015,1507458,stable
1507466,2015,1507466,stable
1507474,2015,1507474,stable
1507508,2015,1507508,stable
1507607,2015,1507607,stable
1507706,2015,1507706,stable
1507755,2015,1507755,stable
1507805,2015,1507805,stable
1507904,2015,1507904,stable
1507953,2015,1507953,stable
1507961,2015,1507961,stable
1507979,2015,1507979,stable
1508001,2015,1508001,stable
1508035,2015,1508035,stable
1508050,2015,1508050,stable
1508084,2015,1508084,stable
1508100,2015,1508100,stable
1508126,2015,1508126,stable
1508159,2015,1508159,stable
1508209,2015,1508209,stable
1508308,2015,1508308,stable
1508357,2015,1508357,stable
1508407,2015,1508407,stable
1600055,2015,1600055,stable
1600105,2015,1600105,stable
1600154,2015,1600154,stable
1600204,2015,1600204,stable
1600212,2015,1600212,stable
1600238,2015,1600238,stable
1600253,2015,1600253,stable
1600279,2015,1600279,stable
1600303,2015,1600303,stable
1600402,2015,1600402,stable
1600501,2015,1600501,stable
1600535,2015,1600535,stable
1600550,2015,1600550,stable
1600600,2015,1600600,stable
1600709,2015,1600709,stable
1600808,2015,1600808,stable
1700251,2015,1700251,stable
1700301,2015,1700301,stable
1700350,2015,1700350,stable
1700400,2015,1700400,stable
1700707,2015,1700707,stable
1701002,2015,1701002,stable
1701051,2015,1701051,stable
1701101,2015,1701101,stable
1701309,2015,1701309,stable
1701903,2015,1701903,stable
1702000,2015,1702000,stable
1702109,2015,1702109,stable
1702158,2015,1702158,stable
1702208,2015,1702208,stable
1702307,2015,1702307,stable
1702406,2015,1702406,stable
1702554,2015,1702554,stable
1702703,2015,1702703,stable
1702901,2015,1702901,stable
1703008,2015,1703008,stable
1703057,2015,1703057,stable
1703073,2015,1703073,stable
1703107,2015,1703107,stable
1703206,2015,1703206,stable
1703305,2015,1703305,stable
1703602,2015,1703602,stable
1703701,2015,1703701,stable
1703800,2015,1703800,stable
1703826,2015,1703826,stable
1703842,2015,1703842,stable
1703867,2015,1703867,stable
1703883,2015,1703883,stable
1703891,2015,1703891,stable
1703909,2015,1703909,stable
1704105,2015,1704105,stable
1704600,2015,1704600,stable
1705102,2015,1705102,stable
1705508,2015,1705508,stable
1705557,2015,1705557,stable
1705607,2015,1705607,stable
1706001,2015,1706001,stable
1706100,2015,1706100,stable
1706258,2015,1706258,stable
1706506,2015,1706506,stable
1707009,2015,1707009,stable
1707108,2015,1707108,stable
1707207,2015,1707207,stable
1707306,2015,1707306,stable
1707405,2015,1707405,stable
1707553,2015,1707553,stable
1707652,2015,1707652,stable
1707702,2015,1707702,stable
1708205,2015,1708205,stable
1708254,2015,1708254,stable
1708304,2015,1708304,stable
1709005,2015,1709005,stable
1709302,2015,1709302,stable
1709500,2015,1709500,stable
1709807,2015,1709807,stable
1710508,2015,1710508,stable
1710706,2015,1710706,stable
1710904,2015,1710904,stable
1711100,2015,1711100,stable
1711506,2015,1711506,stable
1711803,2015,1711803,stable
1711902,2015,1711902,stable
1711951,2015,1711951,stable
1712009,2015,1712009,stable
1712157,2015,1712157,stable
1712405,2015,1712405,stable
1712454,2015,1712454,stable
1712504,2015,1712504,stable
1712702,2015,1712702,stable
1712801,2015,1712801,stable
1713205,2015,1713205,stable
1713304,2015,1713304,stable
1713601,2015,1713601,stable
1713700,2015,1713700,stable
1713809,2015,1713809,stable
1713957,2015,1713957,stable
1714203,2015,1714203,stable
1714302,2015,1714302,stable
1714880,2015,1714880,stable
1715002,2015,1715002,stable
1715101,2015,1715101,stable
1715150,2015,1715150,stable
1715259,2015,1715259,stable
1715507,2015,1715507,stable
1715705,2015,1715705,stable
1715754,2015,1715754,stable
1716109,2015,1716109,stable
1716208,2015,1716208,stable
1716307,2015,1716307,stable
1716505,2015,1716505,stable
1716604,2015,1716604,stable
1716653,2015,1716653,stable
1716703,2015,1716703,stable
1717008,2015,1717008,stable
1717206,2015,1717206,stable
1717503,2015,1717503,stable
1717800,2015,1717800,stable
1717909,2015,1717909,stable
1718006,2015,1718006,stable
1718204,2015,1718204,stable
1718303,2015,1718303,stable
1718402,2015,1718402,stable
1718451,2015,1718451,stable
1718501,2015,1718501,stable
1718550,2015,1718550,stable
1718659,2015,1718659,stable
1718709,2015,1718709,stable
1718758,2015,1718758,stable
1718808,2015,1718808,stable
1718840,2015,1718840,stable
1718865,2015,1718865,stable
1718881,2015,1718881,stable
1718899,2015,1718899,stable
1718907,2015,1718907,stable
1719004,2015,1719004,stable
1720002,2015,1720002,stable
1720101,2015,1720101,stable
1720150,2015,1720150,stable
1720200,2015,1720200,stable
1720259,2015,1720259,stable
1720309,2015,1720309,stable
1720499,2015,1720499,stable
1720655,2015,1720655,stable
1720804,2015,1720804,stable
1720853,2015,1720853,stable
1720903,2015,1720903,stable
1720937,2015,1720937,stable
1720978,2015,1720978,stable
1721000,2015,1721000,stable
1721109,2015,1721109,stable
1721208,2015,1721208,stable
1721257,2015,1721257,stable
1721307,2015,1721307,stable
1722081,2015,1722081,stable
1722107,2015,1722107,stable
2100055,2015,2100055,stable
2100105,2015,2100105,stable
2100154,2015,2100154,stable
2100204,2015,2100204,stable
2100303,2015,2100303,stable
2100402,2015,2100402,stable
2100436,2015,2100436,stable
2100477,2015,2100477,stable
2100501,2015,2100501,stable
2100550,2015,2100550,stable
2100600,2015,2100600,stable
2100709,2015,2100709,stable
2100808,2015,2100808,stable
2100832,2015,2100832,stable
2100873,2015,2100873,stable
2100907,2015,2100907,stable
2100956,2015,2100956,stable
2101004,2015,2101004,stable
2101103,2015,2101103,stable
2101202,2015,2101202,stable
2101251,2015,2101251,stable
2101301,2015,2101301,stable
2101350,2015,2101350,stable
2101400,2015,2101400,stable
2101509,2015,2101509,stable
2101608,2015,2101608,stable
2101707,2015,2101707,stable
2101731,2015,2101731,stable
2101772,2015,2101772,stable
2101806,2015,2101806,stable
2101905,2015,2101905,stable
2101939,2015,2101939,stable
2101970,2015,2101970,stable
2102002,2015,2102002,stable
2102036,2015,2102036,stable
2102077,2015,2102077,stable
2102101,2015,2102101,stable
2102150,2015,2102150,stable
2102200,2015,2102200,stable
2102309,2015,2102309,stable
2102325,2015,2102325,stable
2102358,2015,2102358,stable
2102374,2015,2102374,stable
2102408,2015,2102408,stable
2102507,2015,2102507,stable
2102556,2015,2102556,stable
2102606,2015,2102606,stable
2102705,2015,2102705,stable
2102754,2015,2102754,stable
2102804,2015,2102804,stable
2102903,2015,2102903,stable
2103000,2015,2103000,stable
2103109,2015,2103109,stable
2103125,2015,2103125,stable
2103158,2015,2103158,stable
2103174,2015,2103174,stable
2103208,2015,2103208,stable
2103257,2015,2103257,stable
2103307,2015,2103307,stable
2103406,2015,2103406,stable
2103505,2015,2103505,stable
2103554,2015,2103554,stable
2103604,2015,2103604,stable
2103703,2015,2103703,stable
2103752,2015,2103752,stable
2103802,2015,2103802,stable
2103901,2015,2103901,stable
2104008,2015,2104008,stable
2104057,2015,2104057,stable
2104073,2015,2104073,stable
2104081,2015,2104081,stable
2104099,2015,2104099,stable
2104107,2015,2104107,stable
2104206,2015,2104206,stable
2104305,2015,2104305,stable
2104404,2015,2104404,stable
2104503,2015,2104503,stable
2104552,2015,2104552,stable
2104602,2015,2104602,stable
2104628,2015,2104628,stable
2104651,2015,2104651,stable
2104677,2015,2104677,stable
2104701,2015,2104701,stable
2104800,2015,2104800,stable
2104909,2015,2104909,stable
2105005,2015,2105005,stable
2105104,2015,2105104,stable
2105153,2015,2105153,stable
2105203,2015,2105203,stable
2105302,2015,2105302,stable
2105351,2015,2105351,stable
2105401,2015,2105401,stable
2105427,2015,2105427,stable
2105450,2015,2105450,stable
2105476,2015,2105476,stable
2105500,2015,2105500,stable
2105609,2015,2105609,stable
2105658,2015,2105658,stable
2105708,2015,2105708,stable
2105807,2015,2105807,stable
2105906,2015,2105906,stable
2105922,2015,2105922,stable
2105948,2015,2105948,stable
2105963,2015,2105963,stable
2105989,2015,2105989,stable
2106003,2015,2106003,stable
2106102,2015,2106102,stable
2106201,2015,2106201,stable
2106300,2015,2106300,stable
2106326,2015,2106326,stable
2106359,2015,2106359,stable
2106375,2015,2106375,stable
2106409,2015,2106409,stable
2106508,2015,2106508,stable
2106607,2015,2106607,stable
2106631,2015,2106631,stable
2106672,2015,2106672,stable
2106706,2015,2106706,stable
2106755,2015,2106755,stable
2106805,2015,2106805,stable
2106904,2015,2106904,stable
2107001,2015,2107001,stable
2107100,2015,2107100,stable
2107209,2015,2107209,stable
2107258,2015,2107258,stable
2107308,2015,2107308,stable
2107357,2015,2107357,stable
2107407,2015,2107407,stable
2107456,2015,2107456,stable
2107506,2015,2107506,stable
2107605,2015,2107605,stable
2107704,2015,2107704,stable
2107803,2015,2107803,stable
2107902,2015,2107902,stable
2108009,2015,2108009,stable
2108058,2015,2108058,stable
2108108,2015,2108108,stable
2108207,2015,2108207,stable
2108256,2015,2108256,stable
2108306,2015,2108306,stable
2108405,2015,2108405,stable
2108454,2015,2108454,stable
2108504,2015,2108504,stable
2108603,2015,2108603,stable
2108702,2015,2108702,stable
2108801,2015,2108801,stable
2108900,2015,2108900,stable
2109007,2015,2109007,stable
2109056,2015,2109056,stable
2109106,2015,2109106,stable
2109205,2015,2109205,stable
2109239,2015,2109239,stable
2109270,2015,2109270,stable
2109304,2015,2109304,stable
2109403,2015,2109403,stable
2109452,2015,2109452,stable
2109502,2015,2109502,stable
2109551,2015,2109551,stable
2109601,2015,2109601,stable
2109700,2015,2109700,stable
2109759,2015,2109759,stable
2109809,2015,2109809,stable
2109908,2015,2109908,stable
2110005,2015,2110005,stable
2110039,2015,2110039,stable
2110104,2015,2110104,stable
2110203,2015,2110203,stable
2110237,2015,2110237,stable
2110278,2015,2110278,stable
2110302,2015,2110302,stable
2110401,2015,2110401,stable
2110500,2015,2110500,stable
2110609,2015,2110609,stable
2110658,2015,2110658,stable
2110708,2015,2110708,stable
2110807,2015,2110807,stable
2110856,2015,2110856,stable
2110906,2015,2110906,stable
2111003,2015,2111003,stable
2111029,2015,2111029,stable
2111052,2015,2111052,stable
2111078,2015,2111078,stable
2111102,2015,2111102,stable
2111201,2015,2111201,stable
2111250,2015,2111250,stable
2111300,2015,2111300,stable
2111409,2015,2111409,stable
2111508,2015,2111508,stable
2111532,2015,2111532,stable
2111573,2015,2111573,stable
2111607,2015,2111607,stable
2111631,2015,2111631,stable
2111672,2015,2111672,stable
2111706,2015,2111706,stable
2111722,2015,2111722,stable
2111748,2015,2111748,stable
2111763,2015,2111763,stable
2111789,2015,2111789,stable
2111805,2015,2111805,stable
2111904,2015,2111904,stable
2111953,2015,2111953,stable
2112001,2015,2112001,stable
2112100,2015,2112100,stable
2112209,2015,2112209,stable
2112233,2015,2112233,stable
2112274,2015,2112274,stable
2112308,2015,2112308,stable
2112407,2015,2112407,stable
2112456,2015,2112456,stable
2112506,2015,2112506,stable
2112605,2015,2112605,stable
2112704,2015,2112704,stable
2112803,2015,2112803,stable
2112852,2015,2112852,stable
2112902,2015,2112902,stable
2113009,2015,2113009,stable
2114007,2015,2114007,stable
2200053,2015,2200053,stable
2200103,2015,2200103,stable
2200202,2015,2200202,stable
2200251,2015,2200251,stable
2200277,2015,2200277,stable
2200301,2015,2200301,stable
2200400,2015,2200400,stable
2200459,2015,2200459,stable
2200509,2015,2200509,stable
2200608,2015,2200608,stable
2200707,2015,2200707,stable
2200806,2015,2200806,stable
2200905,2015,2200905,stable
2200954,2015,2200954,stable
2201002,2015,2201002,stable
2201051,2015,2201051,stable
2201101,2015,2201101,stable
2201150,2015,2201150,stable
2201176,2015,2201176,stable
2201200,2015,2201200,stable
2201309,2015,2201309,stable
2201408,2015,2201408,stable
2201507,2015,2201507,stable
2201556,2015,2201556,stable
2201572,2015,2201572,stable
2201606,2015,2201606,stable
2201705,2015,2201705,stable
2201739,2015,2201739,stable
2201770,2015,2201770,stable
2201804,2015,2201804,stable
2201903,2015,2201903,stable
2201919,2015,2201919,stable
2201929,2015,2201929,stable
2201945,2015,2201945,stable
2201960,2015,2201960,stable
2201988,2015,2201988,stable
2202000,2015,2202000,stable
2202026,2015,2202026,stable
2202059,2015,2202059,stable
2202075,2015,2202075,stable
2202083,2015,2202083,stable
2202091,2015,2202091,stable
2202109,2015,2202109,stable
2202117,2015,2202117,stable
2202133,2015,2202133,stable
2202174,2015,2202174,stable
2202208,2015,2202208,stable
2202251,2015,2202251,stable
2202307,2015,2202307,stable
2202406,2015,2202406,stable
2202455,2015,2202455,stable
2202505,2015,2202505,stable
2202539,2015,2202539,stable
2202554,2015,2202554,stable
2202604,2015,2202604,stable
2202653,2015,2202653,stable
2202703,2015,2202703,stable
2202711,2015,2202711,stable
2202729,2015,2202729,stable
2202737,2015,2202737,stable
2202752,2015,2202752,stable
2202778,2015,2202778,stable
2202802,2015,2202802,stable
2202851,2015,2202851,stable
2202901,2015,2202901,stable
2203008,2015,2203008,stable
2203107,2015,2203107,stable
2203206,2015,2203206,stable
2203230,2015,2203230,stable
2203255,2015,2203255,stable
2203271,2015,2203271,stable
2203305,2015,2203305,stable
2203354,2015,2203354,stable
2203404,2015,2203404,stable
2203420,2015,2203420,stable
2203453,2015,2203453,stable
2203503,2015,2203503,stable
2203602,2015,2203602,stable
2203701,2015,2203701,stable
2203750,2015,2203750,stable
2203800,2015,2203800,stable
2203859,2015,2203859,stable
2203909,2015,2203909,stable
2204006,2015,2204006,stable
2204105,2015,2204105,stable
2204154,2015,2204154,stable
2204204,2015,2204204,stable
2204303,2015,2204303,stable
2204352,2015,2204352,stable
2204402,2015,2204402,stable
2204501,2015,2204501,stable
2204550,2015,2204550,stable
2204600,2015,2204600,stable
2204659,2015,2204659,stable
2204709,2015,2204709,stable
2204808,2015,2204808,stable
2204907,2015,2204907,stable
2205003,2015,2205003,stable
2205102,2015,2205102,stable
2205151,2015,2205151,stable
2205201,2015,2205201,stable
2205250,2015,2205250,stable
2205276,2015,2205276,stable
2205300,2015,2205300,stable
2205359,2015,2205359,stable
2205409,2015,2205409,stable
2205458,2015,2205458,stable
2205508,2015,2205508,stable
2205516,2015,2205516,stable
2205524,2015,2205524,stable
2205532,2015,2205532,stable
2205540,2015,2205540,stable
2205557,2015,2205557,stable
2205565,2015,2205565,stable
2205573,2015,2205573,stable
2205581,2015,2205581,stable
2205599,2015,2205599,stable
2205607,2015,2205607,stable
2205706,2015,2205706,stable
2205805,2015,2205805,stable
2205854,2015,2205854,stable
2205904,2015,2205904,stable
2205953,2015,2205953,stable
2206001,2015,2206001,stable
2206050,2015,2206050,stable
2206100,2015,2206100,stable
2206209,2015,2206209,stable
2206308,2015,2206308,stable
2206357,2015,2206357,stable
2206407,2015,2206407,stable
2206506,2015,2206506,stable
2206605,2015,2206605,stable
2206654,2015,2206654,stable
2206670,2015,2206670,stable
2206696,2015,2206696,stable
2206704,2015,2206704,stable
2206720,2015,2206720,stable
2206753,2015,2206753,stable
2206803,2015,2206803,stable
2206902,2015,2206902,stable
2206951,2015,2206951,stable
2207009,2015,2207009,stable
2207108,2015,2207108,stable
2207207,2015,2207207,stable
2207306,2015,2207306,stable
2207355,2015,2207355,stable
2207405,2015,2207405,stable
2207504,2015,2207504,stable
2207553,2015,2207553,stable
2207603,2015,2207603,stable
2207702,2015,2207702,stable
2207751,2015,2207751,stable
2207777,2015,2207777,stable
2207793,2015,2207793,stable
2207801,2015,2207801,stable
2207850,2015,2207850,stable
2207900,2015,2207900,stable
2207934,2015,2207934,stable
2207959,2015,2207959,stable
2208007,2015,2208007,stable
2208106,2015,2208106,stable
2208205,2015,2208205,stable
2208304,2015,2208304,stable
2208403,2015,2208403,stable
2208502,2015,2208502,stable
2208551,2015,2208551,stable
2208601,2015,2208601,stable
2208650,2015,2208650,stable
2208700,2015,2208700,stable
2208809,2015,2208809,stable
2208858,2015,2208858,stable
2208874,2015,2208874,stable
2208908,2015,2208908,stable
2209005,2015,2209005,stable
2209104,2015,2209104,stable
2209153,2015,2209153,stable
2209203,2015,2209203,stable
2209302,2015,2209302,stable
2209351,2015,2209351,stable
2209377,2015,2209377,stable
2209401,2015,2209401,stable
2209450,2015,2209450,stable
2209500,2015,2209500,stable
2209559,2015,2209559,stable
2209609,2015,2209609,stable
2209658,2015,2209658,stable
2209708,2015,2209708,stable
2209757,2015,2209757,stable
2209807,2015,2209807,stable
2209856,2015,2209856,stable
2209872,2015,2209872,stable
2209906,2015,2209906,stable
2209955,2015,2209955,stable
2209971,2015,2209971,stable
2210003,2015,2210003,stable
2210052,2015,2210052,stable
2210102,2015,2210102,stable
2210201,2015,2210201,stable
2210300,2015,2210300,stable
2210359,2015,2210359,stable
2210375,2015,2210375,stable
2210383,2015,2210383,stable
2210391,2015,2210391,stable
2210409,2015,2210409,stable
2210508,2015,2210508,stable
2210607,2015,2210607,stable
2210623,2015,2210623,stable
2210631,2015,2210631,stable
2210656,2015,2210656,stable
2210706,2015,2210706,stable
2210805,2015,2210805,stable
2210904,2015,2210904,stable
2210938,2015,2210938,stable
2210953,2015,2210953,stable
2210979,2015,2210979,stable
2211001,2015,2211001,stable
2211100,2015,2211100,stable
2211209,2015,2211209,stable
2211308,2015,2211308,stable
2211357,2015,2211357,stable
2211407,2015,2211407,stable
2211506,2015,2211506,stable
2211605,2015,2211605,stable
2211704,2015,2211704,stable
2300101,2015,2300101,stable
2300150,2015,2300150,stable
2300200,2015,2300200,stable
2300309,2015,2300309,stable
2300408,2015,2300408,stable
2300507,2015,2300507,stable
2300606,2015,2300606,stable
2300705,2015,2300705,stable
2300754,2015,2300754,stable
2300804,2015,2300804,stable
2300903,2015,2300903,stable
2301000,2015,2301000,stable
2301109,2015,2301109,stable
2301208,2015,2301208,stable
2301257,2015,2301257,stable
2301307,2015,2301307,stable
2301406,2015,2301406,stable
2301505,2015,2301505,stable
2301604,2015,2301604,stable
2301703,2015,2301703,stable
2301802,2015,2301802,stable
2301851,2015,2301851,stable
2301901,2015,2301901,stable
2301950,2015,2301950,stable
2302008,2015,2302008,stable
2302057,2015,2302057,stable
2302107,2015,2302107,stable
2302206,2015,2302206,stable
2302305,2015,2302305,stable
2302404,2015,2302404,stable
2302503,2015,2302503,stable
2302602,2015,2302602,stable
2302701,2015,2302701,stable
2302800,2015,2302800,stable
2302909,2015,2302909,stable
2303006,2015,2303006,stable
2303105,2015,2303105,stable
2303204,2015,2303204,stable
2303303,2015,2303303,stable
2303402,2015,2303402,stable
2303501,2015,2303501,stable
2303600,2015,2303600,stable
2303659,2015,2303659,stable
2303709,2015,2303709,stable
2303808,2015,2303808,stable
2303907,2015,2303907,stable
2303931,2015,2303931,stable
2303956,2015,2303956,stable
2304004,2015,2304004,stable
2304103,2015,2304103,stable
2304202,2015,2304202,stable
2304236,2015,2304236,stable
2304251,2015,2304251,stable
2304269,2015,2304269,stable
2304277,2015,2304277,stable
2304285,2015,2304285,stable
2304301,2015,2304301,stable
2304350,2015,2304350,stable
2304400,2015,2304400,stable
2304459,2015,2304459,stable
2304509,2015,2304509,stable
2304608,2015,2304608,stable
2304657,2015,2304657,stable
2304707,2015,2304707,stable
2304806,2015,2304806,stable
2304905,2015,2304905,stable
2304954,2015,2304954,stable
2305001,2015,2305001,stable
2305100,2015,2305100,stable
2305209,2015,2305209,stable
2305233,2015,2305233,stable
2305266,2015,2305266,stable
2305308,2015,2305308,stable
2305332,2015,2305332,stable
2305357,2015,2305357,stable
2305407,2015,2305407,stable
2305506,2015,2305506,stable
2305605,2015,2305605,stable
2305654,2015,2305654,stable
2305704,2015,2305704,stable
2305803,2015,2305803,stable
2305902,2015,2305902,stable
2306009,2015,2306009,stable
2306108,2015,2306108,stable
2306207,2015,2306207,stable
2306256,2015,2306256,stable
2306306,2015,2306306,stable
2306405,2015,2306405,stable
2306504,2015,2306504,stable
2306553,2015,2306553,stable
2306603,2015,2306603,stable
2306702,2015,2306702,stable
2306801,2015,2306801,stable
2306900,2015,2306900,stable
2307007,2015,2307007,stable
2307106,2015,2307106,stable
2307205,2015,2307205,stable
2307254,2015,2307254,stable
2307304,2015,2307304,stable
2307403,2015,2307403,stable
2307502,2015,2307502,stable
2307601,2015,2307601,stable
2307635,2015,2307635,stable
2307650,2015,2307650,stable
2307700,2015,2307700,stable
2307809,2015,2307809,stable
2307908,2015,2307908,stable
2308005,2015,2308005,stable
2308104,2015,2308104,stable
2308203,2015,2308203,stable
2308302,2015,2308302,stable
2308351,2015,2308351,stable
2308377,2015,2308377,stable
2308401,2015,2308401,stable
2308500,2015,2308500,stable
2308609,2015,2308609,stable
2308708,2015,2308708,stable
2308807,2015,2308807,stable
2308906,2015,2308906,stable
2309003,2015,2309003,stable
2309102,2015,2309102,stable
2309201,2015,2309201,stable
2309300,2015,2309300,stable
2309409,2015,2309409,stable
2309458,2015,2309458,stable
2309508,2015,2309508,stable
2309607,2015,2309607,stable
2309706,2015,2309706,stable
2309805,2015,2309805,stable
2309904,2015,2309904,stable
2310001,2015,2310001,stable
2310100,2015,2310100,stable
2310209,2015,2310209,stable
2310258,2015,2310258,stable
2310308,2015,2310308,stable
2310407,2015,2310407,stable
2310506,2015,2310506,stable
2310605,2015,2310605,stable
2310704,2015,2310704,stable
2310803,2015,2310803,stable
2310852,2015,2310852,stable
2310902,2015,2310902,stable
2310951,2015,2310951,stable
2311009,2015,2311009,stable
2311108,2015,2311108,stable
2311207,2015,2311207,stable
2311231,2015,2311231,stable
2311264,2015,2311264,stable
2311306,2015,2311306,stable
2311355,2015,2311355,stable
2311405,2015,2311405,stable
2311504,2015,2311504,stable
2311603,2015,2311603,stable
2311702,2015,2311702,stable
2311801,2015,2311801,stable
2311900,2015,2311900,stable
2311959,2015,2311959,stable
2312007,2015,2312007,stable
2312106,2015,2312106,stable
2312205,2015,2312205,stable
2312304,2015,2312304,stable
2312403,2015,2312403,stable
2312502,2015,2312502,stable
2312601,2015,2312601,stable
2312700,2015,2312700,stable
2312809,2015,2312809,stable
2312908,2015,2312908,stable
2313005,2015,2313005,stable
2313104,2015,2313104,stable
2313203,2015,2313203,stable
2313252,2015,2313252,stable
2313302,2015,2313302,stable
2313351,2015,2313351,stable
2313401,2015,2313401,stable
2313500,2015,2313500,stable
2313559,2015,2313559,stable
2313609,2015,2313609,stable
2313708,2015,2313708,stable
2313757,2015,2313757,stable
2313807,2015,2313807,stable
2313906,2015,2313906,stable
2313955,2015,2313955,stable
2314003,2015,2314003,stable
2314102,2015,2314102,stable
2400109,2015,2400109,stable
2400208,2015,2400208,stable
2400307,2015,2400307,stable
2400406,2015,2400406,stable
2400505,2015,2400505,stable
2400604,2015,2400604,stable
2400703,2015,2400703,stable
2400802,2015,2400802,stable
2400901,2015,2400901,stable
2401008,2015,2401008,stable
2401107,2015,2401107,stable
2401206,2015,2401206,stable
2401305,2015,2401305,stable
2401404,2015,2401404,stable
2401453,2015,2401453,stable
2401503,2015,2401503,stable
2401602,2015,2401602,stable
2401651,2015,2401651,stable
2401701,2015,2401701,stable
2401800,2015,2401800,stable
2401859,2015,2401859,stable
2401909,2015,2401909,stable
2402006,2015,2402006,stable
2402105,2015,2402105,stable
2402204,2015,2402204,stable
2402303,2015,2402303,stable
2402402,2015,2402402,stable
2402501,2015,2402501,stable
2402600,2015,2402600,stable
2402709,2015,2402709,stable
2402808,2015,2402808,stable
2402907,2015,2402907,stable
2403004,2015,2403004,stable
2403103,2015,2403103,stable
2403202,2015,2403202,stable
2403251,2015,2403251,stable
2403301,2015,2403301,stable
2403400,2015,2403400,stable
2403509,2015,2403509,stable
2403608,2015,2403608,stable
2403707,2015,2403707,stable
2403756,2015,2403756,stable
2403806,2015,2403806,stable
2403905,2015,2403905,stable
2404002,2015,2404002,stable
2404101,2015,2404101,stable
2404200,2015,2404200,stable
2404309,2015,2404309,stable
2404408,2015,2404408,stable
2404507,2015,2404507,stable
2404606,2015,2404606,stable
2404705,2015,2404705,stable
2404804,2015,2404804,stable
2404853,2015,2404853,stable
2404903,2015,2404903,stable
2405009,2015,2405009,stable
2405108,2015,2405108,stable
2405207,2015,2405207,stable
2405306,2015,2405306,stable
2405405,2015,2405405,stable
2405504,2015,2405504,stable
2405603,2015,2405603,stable
2405702,2015,2405702,stable
2405801,2015,2405801,stable
2405900,2015,2405900,stable
2406007,2015,2406007,stable
2406106,2015,2406106,stable
2406155,2015,2406155,stable
2406205,2015,2406205,stable
2406304,2015,2406304,stable
2406403,2015,2406403,stable
2406502,2015,2406502,stable
2406601,2015,2406601,stable
2406700,2015,2406700,stable
2406809,2015,2406809,stable
2406908,2015,2406908,stable
2407005,2015,2407005,stable
2407104,2015,2407104,stable
2407203,2015,2407203,stable
2407252,2015,2407252,stable
2407302,2015,2407302,stable
2407401,2015,2407401,stable
2407500,2015,2407500,stable
2407609,2015,2407609,stable
2407708,2015,2407708,stable
2407807,2015,2407807,stable
2407906,2015,2407906,stable
2408003,2015,2408003,stable
2408102,2015,2408102,stable
2408201,2015,2408201,stable
2408300,2015,2408300,stable
2408409,2015,2408409,stable
2408508,2015,2408508,stable
2408607,2015,2408607,stable
2408706,2015,2408706,stable
2408805,2015,2408805,stable
2408904,2015,2408904,stable
2408953,2015,2408953,stable
2409100,2015,2409100,stable
2409209,2015,2409209,stable
2409308,2015,2409308,stable
2409332,2015,2409332,stable
2409407,2015,2409407,stable
2409506,2015,2409506,stable
2409605,2015,2409605,stable
2409704,2015,2409704,stable
2409803,2015,2409803,stable
2409902,2015,2409902,stable
2410009,2015,2410009,stable
2410108,2015,2410108,stable
2410207,2015,2410207,stable
2410256,2015,2410256,stable
2410306,2015,2410306,stable
2410405,2015,2410405,stable
2410504,2015,2410504,stable
2410603,2015,2410603,stable
2410702,2015,2410702,stable
2410801,2015,2410801,stable
2410900,2015,2410900,stable
2411007,2015,2411007,stable
2411056,2015,2411056,stable
2411106,2015,2411106,stable
2411205,2015,2411205,stable
2411403,2015,2411403,stable
2411429,2015,2411429,stable
2411502,2015,2411502,stable
2411601,2015,2411601,stable
2411700,2015,2411700,stable
2411809,2015,2411809,stable
2411908,2015,2411908,stable
2412005,2015,2412005,stable
2412104,2015,2412104,stable
2412203,2015,2412203,stable
2412302,2015,2412302,stable
2412401,2015,2412401,stable
2412500,2015,2412500,stable
2412559,2015,2412559,stable
2412609,2015,2412609,stable
2412708,2015,2412708,stable
2412807,2015,2412807,stable
2412906,2015,2412906,stable
2413003,2015,2413003,stable
2413102,2015,2413102,stable
2413201,2015,2413201,stable
2413300,2015,2413300,stable
2413359,2015,2413359,stable
2413409,2015,2413409,stable
2413508,2015,2413508,stable
2413557,2015,2413557,stable
2413607,2015,2413607,stable
2413706,2015,2413706,stable
2413805,2015,2413805,stable
2413904,2015,2413904,stable
2414001,2015,2414001,stable
2414100,2015,2414100,stable
2414159,2015,2414159,stable
2414209,2015,2414209,stable
2414308,2015,2414308,stable
2414407,2015,2414407,stable
2414456,2015,2414456,stable
2414506,2015,2414506,stable
2414605,2015,2414605,stable
2414704,2015,2414704,stable
2414753,2015,2414753,stable
2414803,2015,2414803,stable
2414902,2015,2414902,stable
2415008,2015,2415008,stable
2500106,2015,2500106,stable
2500205,2015,2500205,stable
2500304,2015,2500304,stable
2500403,2015,2500403,stable
2500502,2015,2500502,stable
2500536,2015,2500536,stable
2500577,2015,2500577,stable
2500601,2015,2500601,stable
2500700,2015,2500700,stable
2500734,2015,2500734,stable
2500775,2015,2500775,stable
2500809,2015,2500809,stable
2500908,2015,2500908,stable
2501005,2015,2501005,stable
2501104,2015,2501104,stable
2501153,2015,2501153,stable
2501203,2015,2501203,stable
2501302,2015,2501302,stable
2501351,2015,2501351,stable
2501401,2015,2501401,stable
2501500,2015,2501500,stable
2501534,2015,2501534,stable
2501575,2015,2501575,stable
2501609,2015,2501609,stable
2501708,2015,2501708,stable
2501807,2015,2501807,stable
2501906,2015,2501906,stable
2502003,2015,2502003,stable
2502052,2015,2502052,stable
2502102,2015,2502102,stable
2502151,2015,2502151,stable
2502201,2015,2502201,stable
2502300,2015,2502300,stable
2502409,2015,2502409,stable
2502508,2015,2502508,stable
2502607,2015,2502607,stable
2502706,2015,2502706,stable
2502805,2015,2502805,stable
2502904,2015,2502904,stable
2503001,2015,2503001,stable
2503100,2015,2503100,stable
2503209,2015,2503209,stable
2503308,2015,2503308,stable
2503407,2015,2503407,stable
2503506,2015,2503506,stable
2503555,2015,2503555,stable
2503605,2015,2503605,stable
2503704,2015,2503704,stable
2503753,2015,2503753,stable
2503803,2015,2503803,stable
2503902,2015,2503902,stable
2504009,2015,2504009,stable
2504033,2015,2504033,stable
2504074,2015,2504074,stable
2504108,2015,2504108,stable
2504157,2015,2504157,stable
2504207,2015,2504207,stable
2504306,2015,2504306,stable
2504355,2015,2504355,stable
2504405,2015,2504405,stable
2504504,2015,2504504,stable
2504603,2015,2504603,stable
2504702,2015,2504702,stable
2504801,2015,2504801,stable
2504850,2015,2504850,stable
2504900,2015,2504900,stable
2505006,2015,2505006,stable
2505105,2015,2505105,stable
2505204,2015,2505204,stable
2505238,2015,2505238,stable
2505279,2015,2505279,stable
2505303,2015,2505303,stable
2505352,2015,2505352,stable
2505402,2015,2505402,stable
2505501,2015,2505501,stable
2505600,2015,2505600,stable
2505709,2015,2505709,stable
2505808,2015,2505808,stable
2505907,2015,2505907,stable
2506004,2015,2506004,stable
2506103,2015,2506103,stable
2506202,2015,2506202,stable
2506251,2015,2506251,stable
2506301,2015,2506301,stable
2506400,2015,2506400,stable
2506509,2015,2506509,stable
2506608,2015,2506608,stable
2506707,2015,2506707,stable
2506806,2015,2506806,stable
2506905,2015,2506905,stable
2507002,2015,2507002,stable
2507101,2015,2507101,stable
2507200,2015,2507200,stable
2507309,2015,2507309,stable
2507408,2015,2507408,stable
2507507,2015,2507507,stable
2507606,2015,2507606,stable
2507705,2015,2507705,stable
2507804,2015,2507804,stable
2507903,2015,2507903,stable
2508000,2015,2508000,stable
2508109,2015,2508109,stable
2508208,2015,2508208,stable
2508307,2015,2508307,stable
2508406,2015,2508406,stable
2508505,2015,2508505,stable
2508554,2015,2508554,stable
2508604,2015,2508604,stable
2508703,2015,2508703,stable
2508802,2015,2508802,stable
2508901,2015,2508901,stable
2509008,2015,2509008,stable
2509057,2015,2509057,stable
2509107,2015,2509107,stable
2509156,2015,2509156,stable
2509206,2015,2509206,stable
2509305,2015,2509305,stable
2509339,2015,2509339,stable
2509370,2015,2509370,stable
2509396,2015,2509396,stable
2509404,2015,2509404,stable
2509503,2015,2509503,stable
2509602,2015,2509602,stable
2509701,2015,2509701,stable
2509800,2015,2509800,stable
2509909,2015,2509909,stable
2510006,2015,2510006,stable
2510105,2015,2510105,stable
2510204,2015,2510204,stable
2510303,2015,2510303,stable
2510402,2015,2510402,stable
2510501,2015,2510501,stable
2510600,2015,2510600,stable
2510659,2015,2510659,stable
2510709,2015,2510709,stable
2510808,2015,2510808,stable
2510907,2015,2510907,stable
2511004,2015,2511004,stable
2511103,2015,2511103,stable
2511202,2015,2511202,stable
2511301,2015,2511301,stable
2511400,2015,2511400,stable
2511509,2015,2511509,stable
2511608,2015,2511608,stable
2511707,2015,2511707,stable
2511806,2015,2511806,stable
2511905,2015,2511905,stable
2512002,2015,2512002,stable
2512036,2015,2512036,stable
2512077,2015,2512077,stable
2512101,2015,2512101,stable
2512200,2015,2512200,stable
2512309,2015,2512309,stable
2512408,2015,2512408,stable
2512507,2015,2512507,stable
2512606,2015,2512606,stable
2512705,2015,2512705,stable
2512721,2015,2512721,stable
2512747,2015,2512747,stable
2512754,2015,2512754,stable
2512762,2015,2512762,stable
2512788,2015,2512788,stable
2512804,2015,2512804,stable
2512903,2015,2512903,stable
2513000,2015,2513000,stable
2513109,2015,2513109,stable
2513158,2015,2513158,stable
2513208,2015,2513208,stable
2513307,2015,2513307,stable
2513356,2015,2513356,stable
2513406,2015,2513406,stable
2513505,2015,2513505,stable
2513604,2015,2513604,stable
2513653,2015,2513653,stable
2513703,2015,2513703,stable
2513802,2015,2513802,stable
2513851,2015,2513851,stable
2513901,2015,2513901,stable
2513927,2015,2513927,stable
2513943,2015,2513943,stable
2513968,2015,2513968,stable
2513984,2015,2513984,stable
2514008,2015,2514008,stable
2514107,2015,2514107,stable
2514206,2015,2514206,stable
2514305,2015,2514305,stable
2514404,2015,2514404,stable
2514453,2015,2514453,stable
2514503,2015,2514503,stable
2514552,2015,2514552,stable
2514602,2015,2514602,stable
2514651,2015,2514651,stable
2514701,2015,2514701,stable
2514800,2015,2514800,stable
2514909,2015,2514909,stable
2515005,2015,2515005,stable
2515104,2015,2515104,stable
2515203,2015,2515203,stable
2515302,2015,2515302,stable
2515401,2015,2515401,stable
2515500,2015,2515500,stable
2515609,2015,2515609,stable
2515708,2015,2515708,stable
2515807,2015,2515807,stable
2515906,2015,2515906,stable
2515930,2015,2515930,stable
2515971,2015,2515971,stable
2516003,2015,2516003,stable
2516102,2015,2516102,stable
2516151,2015,2516151,stable
2516201,2015,2516201,stable
2516300,2015,2516300,stable
2516409,2015,2516409,stable
2516508,2015,2516508,stable
2516607,2015,2516607,stable
2516706,2015,2516706,stable
2516755,2015,2516755,stable
2516805,2015,2516805,stable
2516904,2015,2516904,stable
2517001,2015,2517001,stable
2517100,2015,2517100,stable
2517209,2015,2517209,stable
2517407,2015,2517407,stable
2600054,2015,2600054,stable
2600104,2015,2600104,stable
2600203,2015,2600203,stable
2600302,2015,2600302,stable
2600401,2015,2600401,stable
2600500,2015,2600500,stable
2600609,2015,2600609,stable
2600708,2015,2600708,stable
2600807,2015,2600807,stable
2600906,2015,2600906,stable
2601003,2015,2601003,stable
2601052,2015,2601052,stable
2601102,2015,2601102,stable
2601201,2015,2601201,stable
2601300,2015,2601300,stable
2601409,2015,2601409,stable
2601508,2015,2601508,stable
2601607,2015,2601607,stable
2601706,2015,2601706,stable
2601805,2015,2601805,stable
2601904,2015,2601904,stable
2602001,2015,2602001,stable
2602100,2015,2602100,stable
2602209,2015,2602209,stable
2602308,2015,2602308,stable
2602407,2015,2602407,stable
2602506,2015,2602506,stable
2602605,2015,2602605,stable
2602704,2015,2602704,stable
2602803,2015,2602803,stable
2602902,2015,2602902,stable
2603009,2015,2603009,stable
2603108,2015,2603108,stable
2603207,2015,2603207,stable
2603306,2015,2603306,stable
2603405,2015,2603405,stable
2603454,2015,2603454,stable
2603504,2015,2603504,stable
2603603,2015,2603603,stable
2603702,2015,2603702,stable
2603801,2015,2603801,stable
2603900,2015,2603900,stable
2603926,2015,2603926,stable
2604007,2015,2604007,stable
2604106,2015,2604106,stable
2604155,2015,2604155,stable
2604205,2015,2604205,stable
2604304,2015,2604304,stable
2604403,2015,2604403,stable
2604502,2015,2604502,stable
2604601,2015,2604601,stable
2604700,2015,2604700,stable
2604809,2015,2604809,stable
2604908,2015,2604908,stable
2605004,2015,2605004,stable
2605103,2015,2605103,stable
2605152,2015,2605152,stable
2605202,2015,2605202,stable
2605301,2015,2605301,stable
2605400,2015,2605400,stable
2605459,2015,2605459,stable
2605509,2015,2605509,stable
2605608,2015,2605608,stable
2605707,2015,2605707,stable
2605806,2015,2605806,stable
2605905,2015,2605905,stable
2606002,2015,2606002,stable
2606101,2015,2606101,stable
2606200,2015,2606200,stable
2606309,2015,2606309,stable
2606408,2015,2606408,stable
2606507,2015,2606507,stable
2606606,2015,2606606,stable
2606705,2015,2606705,stable
2606804,2015,2606804,stable
2606903,2015,2606903,stable
2607000,2015,2607000,stable
2607109,2015,2607109,stable
2607208,2015,2607208,stable
2607307,2015,2607307,stable
2607406,2015,2607406,stable
2607505,2015,2607505,stable
2607604,2015,2607604,stable
2607653,2015,2607653,stable
2607703,2015,2607703,stable
2607752,2015,2607752,stable
2607802,2015,2607802,stable
2607901,2015,2607901,stable
2607950,2015,2607950,stable
2608008,2015,2608008,stable
2608057,2015,2608057,stable
2608107,2015,2608107,stable
2608206,2015,2608206,stable
2608255,2015,2608255,stable
2608305,2015,2608305,stable
2608404,2015,2608404,stable
2608453,2015,2608453,stable
2608503,2015,2608503,stable
2608602,2015,2608602,stable
2608701,2015,2608701,stable
2608750,2015,2608750,stable
2608800,2015,2608800,stable
2608909,2015,2608909,stable
2609006,2015,2609006,stable
2609105,2015,2609105,stable
2609154,2015,2609154,stable
2609204,2015,2609204,stable
2609303,2015,2609303,stable
2609402,2015,2609402,stable
2609501,2015,2609501,stable
2609600,2015,2609600,stable
2609709,2015,2609709,stable
2609808,2015,2609808,stable
2609907,2015,2609907,stable
2610004,2015,2610004,stable
2610103,2015,2610103,stable
2610202,2015,2610202,stable
2610301,2015,2610301,stable
2610400,2015,2610400,stable
2610509,2015,2610509,stable
2610608,2015,2610608,stable
2610707,2015,2610707,stable
2610806,2015,2610806,stable
2610905,2015,2610905,stable
2611002,2015,2611002,stable
2611101,2015,2611101,stable
2611200,2015,2611200,stable
2611309,2015,2611309,stable
2611408,2015,2611408,stable
2611507,2015,2611507,stable
2611533,2015,2611533,stable
2611606,2015,2611606,stable
2611705,2015,2611705,stable
2611804,2015,2611804,stable
2611903,2015,2611903,stable
2612000,2015,2612000,stable
2612109,2015,2612109,stable
2612208,2015,2612208,stable
2612307,2015,2612307,stable
2612406,2015,2612406,stable
2612455,2015,2612455,stable
2612471,2015,2612471,stable
2612505,2015,2612505,stable
2612554,2015,2612554,stable
2612604,2015,2612604,stable
2612703,2015,2612703,stable
2612802,2015,2612802,stable
2612901,2015,2612901,stable
2613008,2015,2613008,stable
2613107,2015,2613107,stable
2613206,2015,2613206,stable
2613305,2015,2613305,stable
2613404,2015,2613404,stable
2613503,2015,2613503,stable
2613602,2015,2613602,stable
2613701,2015,2613701,stable
2613800,2015,2613800,stable
2613909,2015,2613909,stable
2614006,2015,2614006,stable
2614105,2015,2614105,stable
2614204,2015,2614204,stable
2614303,2015,2614303,stable
2614402,2015,2614402,stable
2614501,2015,2614501,stable
2614600,2015,2614600,stable
2614709,2015,2614709,stable
2614808,2015,2614808,stable
2614857,2015,2614857,stable
2615003,2015,2615003,stable
2615102,2015,2615102,stable
2615201,2015,2615201,stable
2615300,2015,2615300,stable
2615409,2015,2615409,stable
2615508,2015,2615508,stable
2615607,2015,2615607,stable
2615706,2015,2615706,stable
2615805,2015,2615805,stable
2615904,2015,2615904,stable
2616001,2015,2616001,stable
2616100,2015,2616100,stable
2616183,2015,2616183,stable
2616209,2015,2616209,stable
2616308,2015,2616308,stable
2616407,2015,2616407,stable
2616506,2015,2616506,stable
2700102,2015,2700102,stable
2700201,2015,2700201,stable
2700300,2015,2700300,stable
2700409,2015,2700409,stable
2700508,2015,2700508,stable
2700607,2015,2700607,stable
2700706,2015,2700706,stable
2700805,2015,2700805,stable
2700904,2015,2700904,stable
2701001,2015,2701001,stable
2701100,2015,2701100,stable
2701209,2015,2701209,stable
2701308,2015,2701308,stable
2701357,2015,2701357,stable
2701407,2015,2701407,stable
2701506,2015,2701506,stable
2701605,2015,2701605,stable
2701704,2015,2701704,stable
2701803,2015,2701803,stable
2701902,2015,2701902,stable
2702009,2015,2702009,stable
2702108,2015,2702108,stable
2702207,2015,2702207,stable
2702306,2015,2702306,stable
2702355,2015,2702355,stable
2702405,2015,2702405,stable
2702504,2015,2702504,stable
2702553,2015,2702553,stable
2702603,2015,2702603,stable
2702702,2015,2702702,stable
2702801,2015,2702801,stable
2702900,2015,2702900,stable
2703007,2015,2703007,stable
2703106,2015,2703106,stable
2703205,2015,2703205,stable
2703304,2015,2703304,stable
2703403,2015,2703403,stable
2703502,2015,2703502,stable
2703601,2015,2703601,stable
2703700,2015,2703700,stable
2703759,2015,2703759,stable
2703809,2015,2703809,stable
2703908,2015,2703908,stable
2704005,2015,2704005,stable
2704104,2015,2704104,stable
2704203,2015,2704203,stable
2704302,2015,2704302,stable
2704401,2015,2704401,stable
2704500,2015,2704500,stable
2704609,2015,2704609,stable
2704708,2015,2704708,stable
2704807,2015,2704807,stable
2704906,2015,2704906,stable
2705002,2015,2705002,stable
2705101,2015,2705101,stable
2705200,2015,2705200,stable
2705309,2015,2705309,stable
2705408,2015,2705408,stable
2705507,2015,2705507,stable
2705606,2015,2705606,stable
2705705,2015,2705705,stable
2705804,2015,2705804,stable
2705903,2015,2705903,stable
2706000,2015,2706000,stable
2706109,2015,2706109,stable
2706208,2015,2706208,stable
2706307,2015,2706307,stable
2706406,2015,2706406,stable
2706422,2015,2706422,stable
2706448,2015,2706448,stable
2706505,2015,2706505,stable
2706604,2015,2706604,stable
2706703,2015,2706703,stable
2706802,2015,2706802,stable
2706901,2015,2706901,stable
2707008,2015,2707008,stable
2707107,2015,2707107,stable
2707206,2015,2707206,stable
2707305,2015,2707305,stable
2707404,2015,2707404,stable
2707503,2015,2707503,stable
2707602,2015,2707602,stable
2707701,2015,2707701,stable
2707800,2015,2707800,stable
2707909,2015,2707909,stable
2708006,2015,2708006,stable
2708105,2015,2708105,stable
2708204,2015,2708204,stable
2708303,2015,2708303,stable
2708402,2015,2708402,stable
2708501,2015,2708501,stable
2708600,2015,2708600,stable
2708709,2015,2708709,stable
2708808,2015,2708808,stable
2708907,2015,2708907,stable
2708956,2015,2708956,stable
2709004,2015,2709004,stable
2709103,2015,2709103,stable
2709152,2015,2709152,stable
2709202,2015,2709202,stable
2709301,2015,2709301,stable
2709400,2015,2709400,stable
2800100,2015,2800100,stable
2800209,2015,2800209,stable
2800308,2015,2800308,stable
2800407,2015,2800407,stable
2800506,2015,2800506,stable
2800605,2015,2800605,stable
2800670,2015,2800670,stable
2800704,2015,2800704,stable
2801009,2015,2801009,stable
2801108,2015,2801108,stable
2801207,2015,2801207,stable
2801306,2015,2801306,stable
2801405,2015,2801405,stable
2801504,2015,2801504,stable
2801603,2015,2801603,stable
2801702,2015,2801702,stable
2801900,2015,2801900,stable
2802007,2015,2802007,stable
2802106,2015,2802106,stable
2802205,2015,2802205,stable
2802304,2015,2802304,stable
2802403,2015,2802403,stable
2802502,2015,2802502,stable
2802601,2015,2802601,stable
2802700,2015,2802700,stable
2802809,2015,2802809,stable
2802908,2015,2802908,stable
2803005,2015,2803005,stable
2803104,2015,2803104,stable
2803203,2015,2803203,stable
2803302,2015,2803302,stable
2803401,2015,2803401,stable
2803500,2015,2803500,stable
2803609,2015,2803609,stable
2803708,2015,2803708,stable
2803807,2015,2803807,stable
2803906,2015,2803906,stable
2804003,2015,2804003,stable
2804102,2015,2804102,stable
2804201,2015,2804201,stable
2804300,2015,2804300,stable
2804409,2015,2804409,stable
2804458,2015,2804458,stable
2804508,2015,2804508,stable
2804607,2015,2804607,stable
2804706,2015,2804706,stable
2804805,2015,2804805,stable
2804904,2015,2804904,stable
2805000,2015,2805000,stable
2805109,2015,2805109,stable
2805208,2015,2805208,stable
2805307,2015,2805307,stable
2805406,2015,2805406,stable
2805505,2015,2805505,stable
2805604,2015,2805604,stable
2805703,2015,2805703,stable
2805802,2015,2805802,stable
2805901,2015,2805901,stable
2806008,2015,2806008,stable
2806107,2015,2806107,stable
2806206,2015,2806206,stable
2806305,2015,2806305,stable
2806404,2015,2806404,stable
2806503,2015,2806503,stable
2806602,2015,2806602,stable
2806701,2015,2806701,stable
2806800,2015,2806800,stable
2806909,2015,2806909,stable
2807006,2015,2807006,stable
2807105,2015,2807105,stable
2807204,2015,2807204,stable
2807303,2015,2807303,stable
2807402,2015,2807402,stable
2807501,2015,2807501,stable
2807600,2015,2807600,stable
2900108,2015,2900108,stable
2900207,2015,2900207,stable
2900306,2015,2900306,stable
2900355,2015,2900355,stable
2900405,2015,2900405,stable
2900504,2015,2900504,stable
2900603,2015,2900603,stable
2900702,2015,2900702,stable
2900801,2015,2900801,stable
2900900,2015,2900900,stable
2901007,2015,2901007,stable
2901106,2015,2901106,stable
2901155,2015,2901155,stable
2901205,2015,2901205,stable
2901304,2015,2901304,stable
2901353,2015,2901353,stable
2901403,2015,2901403,stable
2901502,2015,2901502,stable
2901601,2015,2901601,stable
2901700,2015,2901700,stable
2901809,2015,2901809,stable
2901908,2015,2901908,stable
2901957,2015,2901957,stable
2902005,2015,2902005,stable
2902054,2015,2902054,stable
2902104,2015,2902104,stable
2902203,2015,2902203,stable
2902252,2015,2902252,stable
2902302,2015,2902302,stable
2902401,2015,2902401,stable
2902500,2015,2902500,stable
2902609,2015,2902609,stable
2902658,2015,2902658,stable
2902708,2015,2902708,stable
2902807,2015,2902807,stable
2902906,2015,2902906,stable
2903003,2015,2903003,stable
2903102,2015,2903102,stable
2903201,2015,2903201,stable
2903235,2015,2903235,stable
2903276,2015,2903276,stable
2903300,2015,2903300,stable
2903409,2015,2903409,stable
2903508,2015,2903508,stable
2903607,2015,2903607,stable
2903706,2015,2903706,stable
2903805,2015,2903805,stable
2903904,2015,2903904,stable
2903953,2015,2903953,stable
2904001,2015,2904001,stable
2904050,2015,2904050,stable
2904100,2015,2904100,stable
2904209,2015,2904209,stable
2904308,2015,2904308,stable
2904407,2015,2904407,stable
2904506,2015,2904506,stable
2904605,2015,2904605,stable
2904704,2015,2904704,stable
2904753,2015,2904753,stable
2904803,2015,2904803,stable
2904852,2015,2904852,stable
2904902,2015,2904902,stable
2905008,2015,2905008,stable
2905107,2015,2905107,stable
2905156,2015,2905156,stable
2905206,2015,2905206,stable
2905305,2015,2905305,stable
2905404,2015,2905404,stable
2905503,2015,2905503,stable
2905602,2015,2905602,stable
2905701,2015,2905701,stable
2905800,2015,2905800,stable
2905909,2015,2905909,stable
2906006,2015,2906006,stable
2906105,2015,2906105,stable
2906204,2015,2906204,stable
2906303,2015,2906303,stable
2906402,2015,2906402,stable
2906501,2015,2906501,stable
2906600,2015,2906600,stable
2906709,2015,2906709,stable
2906808,2015,2906808,stable
2906824,2015,2906824,stable
2906857,2015,2906857,stable
2906873,2015,2906873,stable
2906899,2015,2906899,stable
2906907,2015,2906907,stable
2907004,2015,2907004,stable
2907103,2015,2907103,stable
2907202,2015,2907202,stable
2907301,2015,2907301,stable
2907400,2015,2907400,stable
2907509,2015,2907509,stable
2907558,2015,2907558,stable
2907608,2015,2907608,stable
2907707,2015,2907707,stable
2907806,2015,2907806,stable
2907905,2015,2907905,stable
2908002,2015,2908002,stable
2908101,2015,2908101,stable
2908200,2015,2908200,stable
2908309,2015,2908309,stable
2908408,2015,2908408,stable
2908507,2015,2908507,stable
2908606,2015,2908606,stable
2908705,2015,2908705,stable
2908804,2015,2908804,stable
2908903,2015,2908903,stable
2909000,2015,2909000,stable
2909109,2015,2909109,stable
2909208,2015,2909208,stable
2909307,2015,2909307,stable
2909406,2015,2909406,stable
2909505,2015,2909505,stable
2909604,2015,2909604,stable
2909703,2015,2909703,stable
2909802,2015,2909802,stable
2909901,2015,2909901,stable
2910008,2015,2910008,stable
2910057,2015,2910057,stable
2910107,2015,2910107,stable
2910206,2015,2910206,stable
2910305,2015,2910305,stable
2910404,2015,2910404,stable
2910503,2015,2910503,stable
2910602,2015,2910602,stable
2910701,2015,2910701,stable
2910727,2015,2910727,stable
2910750,2015,2910750,stable
2910776,2015,2910776,stable
2910800,2015,2910800,stable
2910859,2015,2910859,stable
2910909,2015,2910909,stable
2911006,2015,2911006,stable
2911105,2015,2911105,stable
2911204,2015,2911204,stable
2911253,2015,2911253,stable
2911303,2015,2911303,stable
2911402,2015,2911402,stable
2911501,2015,2911501,stable
2911600,2015,2911600,stable
2911659,2015,2911659,stable
2911709,2015,2911709,stable
2911808,2015,2911808,stable
2911857,2015,2911857,stable
2911907,2015,2911907,stable
2912004,2015,2912004,stable
2912103,2015,2912103,stable
2912202,2015,2912202,stable
2912301,2015,2912301,stable
2912400,2015,2912400,stable
2912509,2015,2912509,stable
2912608,2015,2912608,stable
2912707,2015,2912707,stable
2912806,2015,2912806,stable
2912905,2015,2912905,stable
2913002,2015,2913002,stable
2913101,2015,2913101,stable
2913200,2015,2913200,stable
2913309,2015,2913309,stable
2913408,2015,2913408,stable
2913457,2015,2913457,stable
2913507,2015,2913507,stable
2913606,2015,2913606,stable
2913705,2015,2913705,stable
2913804,2015,2913804,stable
2913903,2015,2913903,stable
2914000,2015,2914000,stable
2914109,2015,2914109,stable
2914208,2015,2914208,stable
2914307,2015,2914307,stable
2914406,2015,2914406,stable
2914505,2015,2914505,stable
2914604,2015,2914604,stable
2914653,2015,2914653,stable
2914703,2015,2914703,stable
2914802,2015,2914802,stable
2914901,2015,2914901,stable
2915007,2015,2915007,stable
2915106,2015,2915106,stable
2915205,2015,2915205,stable
2915304,2015,2915304,stable
2915353,2015,2915353,stable
2915403,2015,2915403,stable
2915502,2015,2915502,stable
2915601,2015,2915601,stable
2915700,2015,2915700,stable
2915809,2015,2915809,stable
2915908,2015,2915908,stable
2916005,2015,2916005,stable
2916104,2015,2916104,stable
2916203,2015,2916203,stable
2916302,2015,2916302,stable
2916401,2015,2916401,stable
2916500,2015,2916500,stable
2916609,2015,2916609,stable
2916708,2015,2916708,stable
2916807,2015,2916807,stable
2916856,2015,2916856,stable
2916906,2015,2916906,stable
2917003,2015,2917003,stable
2917102,2015,2917102,stable
2917201,2015,2917201,stable
2917300,2015,2917300,stable
2917334,2015,2917334,stable
2917359,2015,2917359,stable
2917409,2015,2917409,stable
2917508,2015,2917508,stable
2917607,2015,2917607,stable
2917706,2015,2917706,stable
2917805,2015,2917805,stable
2917904,2015,2917904,stable
2918001,2015,2918001,stable
2918100,2015,2918100,stable
2918209,2015,2918209,stable
2918308,2015,2918308,stable
2918357,2015,2918357,stable
2918407,2015,2918407,stable
2918456,2015,2918456,stable
2918506,2015,2918506,stable
2918555,2015,2918555,stable
2918605,2015,2918605,stable
2918704,2015,2918704,stable
2918753,2015,2918753,stable
2918803,2015,2918803,stable
2918902,2015,2918902,stable
2919009,2015,2919009,stable
2919058,2015,2919058,stable
2919108,2015,2919108,stable
2919157,2015,2919157,stable
2919207,2015,2919207,stable
2919306,2015,2919306,stable
2919405,2015,2919405,stable
2919504,2015,2919504,stable
2919553,2015,2919553,stable
2919603,2015,2919603,stable
2919702,2015,2919702,stable
2919801,2015,2919801,stable
2919900,2015,2919900,stable
2919926,2015,2919926,stable
2919959,2015,2919959,stable
2920007,2015,2920007,stable
2920106,2015,2920106,stable
2920205,2015,2920205,stable
2920304,2015,2920304,stable
2920403,2015,2920403,stable
2920452,2015,2920452,stable
2920502,2015,2920502,stable
2920601,2015,2920601,stable
2920700,2015,2920700,stable
2920809,2015,2920809,stable
2920908,2015,2920908,stable
2921005,2015,2921005,stable
2921054,2015,2921054,stable
2921104,2015,2921104,stable
2921203,2015,2921203,stable
2921302,2015,2921302,stable
2921401,2015,2921401,stable
2921450,2015,2921450,stable
2921500,2015,2921500,stable
2921609,2015,2921609,stable
2921708,2015,2921708,stable
2921807,2015,2921807,stable
2921906,2015,2921906,stable
2922003,2015,2922003,stable
2922052,2015,2922052,stable
2922102,2015,2922102,stable
2922201,2015,2922201,stable
2922250,2015,2922250,stable
2922300,2015,2922300,stable
2922409,2015,2922409,stable
2922508,2015,2922508,stable
2922607,2015,2922607,stable
2922656,2015,2922656,stable
2922706,2015,2922706,stable
2922730,2015,2922730,stable
2922755,2015,2922755,stable
2922805,2015,2922805,stable
2922854,2015,2922854,stable
2922904,2015,2922904,stable
2923001,2015,2923001,stable
2923035,2015,2923035,stable
2923050,2015,2923050,stable
2923100,2015,2923100,stable
2923209,2015,2923209,stable
2923308,2015,2923308,stable
2923357,2015,2923357,stable
2923407,2015,2923407,stable
2923506,2015,2923506,stable
2923605,2015,2923605,stable
2923704,2015,2923704,stable
2923803,2015,2923803,stable
2923902,2015,2923902,stable
2924009,2015,2924009,stable
2924058,2015,2924058,stable
2924108,2015,2924108,stable
2924207,2015,2924207,stable
2924306,2015,2924306,stable
2924405,2015,2924405,stable
2924504,2015,2924504,stable
2924603,2015,2924603,stable
2924652,2015,2924652,stable
2924678,2015,2924678,stable
2924702,2015,2924702,stable
2924801,2015,2924801,stable
2924900,2015,2924900,stable
2925006,2015,2925006,stable
2925105,2015,2925105,stable
2925204,2015,2925204,stable
2925253,2015,2925253,stable
2925303,2015,2925303,stable
2925402,2015,2925402,stable
2925501,2015,2925501,stable
2925600,2015,2925600,stable
2925709,2015,2925709,stable
2925758,2015,2925758,stable
2925808,2015,2925808,stable
2925907,2015,2925907,stable
2925931,2015,2925931,stable
2925956,2015,2925956,stable
2926004,2015,2926004,stable
2926103,2015,2926103,stable
2926202,2015,2926202,stable
2926301,2015,2926301,stable
2926400,2015,2926400,stable
2926509,2015,2926509,stable
2926608,2015,2926608,stable
2926657,2015,2926657,stable
2926707,2015,2926707,stable
2926806,2015,2926806,stable
2926905,2015,2926905,stable
2927002,2015,2927002,stable
2927101,2015,2927101,stable
2927200,2015,2927200,stable
2927309,2015,2927309,stable
2927408,2015,2927408,stable
2927507,2015,2927507,stable
2927606,2015,2927606,stable
2927705,2015,2927705,stable
2927804,2015,2927804,stable
2927903,2015,2927903,stable
2928000,2015,2928000,stable
2928059,2015,2928059,stable
2928109,2015,2928109,stable
2928208,2015,2928208,stable
2928307,2015,2928307,stable
2928406,2015,2928406,stable
2928505,2015,2928505,stable
2928604,2015,2928604,stable
2928703,2015,2928703,stable
2928802,2015,2928802,stable
2928901,2015,2928901,stable
2928950,2015,2928950,stable
2929008,2015,2929008,stable
2929057,2015,2929057,stable
2929107,2015,2929107,stable
2929206,2015,2929206,stable
2929255,2015,2929255,stable
2929305,2015,2929305,stable
2929354,2015,2929354,stable
2929370,2015,2929370,stable
2929404,2015,2929404,stable
2929503,2015,2929503,stable
2929602,2015,2929602,stable
2929701,2015,2929701,stable
2929750,2015,2929750,stable
2929800,2015,2929800,stable
2929909,2015,2929909,stable
2930006,2015,2930006,stable
2930105,2015,2930105,stable
2930154,2015,2930154,stable
2930204,2015,2930204,stable
2930303,2015,2930303,stable
2930402,2015,2930402,stable
2930501,2015,2930501,stable
2930600,2015,2930600,stable
2930709,2015,2930709,stable
2930758,2015,2930758,stable
2930766,2015,2930766,stable
2930774,2015,2930774,stable
2930808,2015,2930808,stable
2930907,2015,2930907,stable
2931004,2015,2931004,stable
2931053,2015,2931053,stable
2931103,2015,2931103,stable
2931202,2015,2931202,stable
2931301,2015,2931301,stable
2931350,2015,2931350,stable
2931400,2015,2931400,stable
2931509,2015,2931509,stable
2931608,2015,2931608,stable
2931707,2015,2931707,stable
2931806,2015,2931806,stable
2931905,2015,2931905,stable
2932002,2015,2932002,stable
2932101,2015,2932101,stable
2932200,2015,2932200,stable
2932309,2015,2932309,stable
2932408,2015,2932408,stable
2932457,2015,2932457,stable
2932507,2015,2932507,stable
2932606,2015,2932606,stable
2932705,2015,2932705,stable
2932804,2015,2932804,stable
2932903,2015,2932903,stable
2933000,2015,2933000,stable
2933059,2015,2933059,stable
2933109,2015,2933109,stable
2933158,2015,2933158,stable
2933174,2015,2933174,stable
2933208,2015,2933208,stable
2933257,2015,2933257,stable
2933307,2015,2933307,stable
2933406,2015,2933406,stable
2933455,2015,2933455,stable
2933505,2015,2933505,stable
2933604,2015,2933604,stable
3100104,2015,3100104,stable
3100203,2015,3100203,stable
3100302,2015,3100302,stable
3100401,2015,3100401,stable
3100500,2015,3100500,stable
3100609,2015,3100609,stable
3100708,2015,3100708,stable
3100807,2015,3100807,stable
3100906,2015,3100906,stable
3101003,2015,3101003,stable
3101102,2015,3101102,stable
3101201,2015,3101201,stable
3101300,2015,3101300,stable
3101409,2015,3101409,stable
3101508,2015,3101508,stable
3101607,2015,3101607,stable
3101631,2015,3101631,stable
3101706,2015,3101706,stable
3101805,2015,3101805,stable
3101904,2015,3101904,stable
3102001,2015,3102001,stable
3102050,2015,3102050,stable
3102100,2015,3102100,stable
3102209,2015,3102209,stable
3102308,2015,3102308,stable
3102407,2015,3102407,stable
3102506,2015,3102506,stable
3102605,2015,3102605,stable
3102704,2015,3102704,stable
3102803,2015,3102803,stable
3102852,2015,3102852,stable
3102902,2015,3102902,stable
3103009,2015,3103009,stable
3103108,2015,3103108,stable
3103207,2015,3103207,stable
3103306,2015,3103306,stable
3103405,2015,3103405,stable
3103504,2015,3103504,stable
3103603,2015,3103603,stable
3103702,2015,3103702,stable
3103751,2015,3103751,stable
3103801,2015,3103801,stable
3103900,2015,3103900,stable
3104007,2015,3104007,stable
3104106,2015,3104106,stable
3104205,2015,3104205,stable
3104304,2015,3104304,stable
3104403,2015,3104403,stable
3104452,2015,3104452,stable
3104502,2015,3104502,stable
3104601,2015,3104601,stable
3104700,2015,3104700,stable
3104809,2015,3104809,stable
3104908,2015,3104908,stable
3105004,2015,3105004,stable
3105103,2015,3105103,stable
3105202,2015,3105202,stable
3105301,2015,3105301,stable
3105400,2015,3105400,stable
3105509,2015,3105509,stable
3105608,2015,3105608,stable
3105707,2015,3105707,stable
3105905,2015,3105905,stable
3106002,2015,3106002,stable
3106101,2015,3106101,stable
3106200,2015,3106200,stable
3106309,2015,3106309,stable
3106408,2015,3106408,stable
3106507,2015,3106507,stable
3106606,2015,3106606,stable
3106655,2015,3106655,stable
3106705,2015,3106705,stable
3106804,2015,3106804,stable
3106903,2015,3106903,stable
3107000,2015,3107000,stable
3107109,2015,3107109,stable
3107208,2015,3107208,stable
3107307,2015,3107307,stable
3107406,2015,3107406,stable
3107505,2015,3107505,stable
3107604,2015,3107604,stable
3107703,2015,3107703,stable
3107802,2015,3107802,stable
3107901,2015,3107901,stable
3108008,2015,3108008,stable
3108107,2015,3108107,stable
3108206,2015,3108206,stable
3108255,2015,3108255,stable
3108305,2015,3108305,stable
3108404,2015,3108404,stable
3108503,2015,3108503,stable
3108552,2015,3108552,stable
3108602,2015,3108602,stable
3108701,2015,3108701,stable
3108800,2015,3108800,stable
3108909,2015,3108909,stable
3109006,2015,3109006,stable
3109105,2015,3109105,stable
3109204,2015,3109204,stable
3109253,2015,3109253,stable
3109303,2015,3109303,stable
3109402,2015,3109402,stable
3109451,2015,3109451,stable
3109501,2015,3109501,stable
3109600,2015,3109600,stable
3109709,2015,3109709,stable
3109808,2015,3109808,stable
3109907,2015,3109907,stable
3110004,2015,3110004,stable
3110103,2015,3110103,stable
3110202,2015,3110202,stable
3110301,2015,3110301,stable
3110400,2015,3110400,stable
3110509,2015,3110509,stable
3110608,2015,3110608,stable
3110707,2015,3110707,stable
3110806,2015,3110806,stable
3110905,2015,3110905,stable
3111002,2015,3111002,stable
3111101,2015,3111101,stable
3111150,2015,3111150,stable
3111200,2015,3111200,stable
3111309,2015,3111309,stable
3111408,2015,3111408,stable
3111507,2015,3111507,stable
3111606,2015,3111606,stable
3111705,2015,3111705,stable
3111804,2015,3111804,stable
3111903,2015,3111903,stable
3112000,2015,3112000,stable
3112059,2015,3112059,stable
3112109,2015,3112109,stable
3112208,2015,3112208,stable
3112307,2015,3112307,stable
3112406,2015,3112406,stable
3112505,2015,3112505,stable
3112604,2015,3112604,stable
3112653,2015,3112653,stable
3112703,2015,3112703,stable
3112802,2015,3112802,stable
3112901,2015,3112901,stable
3113008,2015,3113008,stable
3113107,2015,3113107,stable
3113206,2015,3113206,stable
3113305,2015,3113305,stable
3113404,2015,3113404,stable
3113503,2015,3113503,stable
3113602,2015,3113602,stable
3113701,2015,3113701,stable
3113800,2015,3113800,stable
3113909,2015,3113909,stable
3114006,2015,3114006,stable
3114105,2015,3114105,stable
3114204,2015,3114204,stable
3114303,2015,3114303,stable
3114402,2015,3114402,stable
3114501,2015,3114501,stable
3114550,2015,3114550,stable
3114600,2015,3114600,stable
3114709,2015,3114709,stable
3114808,2015,3114808,stable
3114907,2015,3114907,stable
3115003,2015,3115003,stable
3115102,2015,3115102,stable
3115201,2015,3115201,stable
3115300,2015,3115300,stable
3115359,2015,3115359,stable
3115409,2015,3115409,stable
3115458,2015,3115458,stable
3115474,2015,3115474,stable
3115508,2015,3115508,stable
3115607,2015,3115607,stable
3115706,2015,3115706,stable
3115805,2015,3115805,stable
3115904,2015,3115904,stable
3116001,2015,3116001,stable
3116100,2015,3116100,stable
3116159,2015,3116159,stable
3116209,2015,3116209,stable
3116308,2015,3116308,stable
3116407,2015,3116407,stable
3116506,2015,3116506,stable
3116605,2015,3116605,stable
3116704,2015,3116704,stable
3116803,2015,3116803,stable
3116902,2015,3116902,stable
3117009,2015,3117009,stable
3117108,2015,3117108,stable
3117207,2015,3117207,stable
3117306,2015,3117306,stable
3117405,2015,3117405,stable
3117504,2015,3117504,stable
3117603,2015,3117603,stable
3117702,2015,3117702,stable
3117801,2015,3117801,stable
3117836,2015,3117836,stable
3117876,2015,3117876,stable
3117900,2015,3117900,stable
3118007,2015,3118007,stable
3118106,2015,3118106,stable
3118205,2015,3118205,stable
3118304,2015,3118304,stable
3118403,2015,3118403,stable
3118502,2015,3118502,stable
3118601,2015,3118601,stable
3118700,2015,3118700,stable
3118809,2015,3118809,stable
3118908,2015,3118908,stable
3119005,2015,3119005,stable
3119104,2015,3119104,stable
3119203,2015,3119203,stable
3119302,2015,3119302,stable
3119401,2015,3119401,stable
3119500,2015,3119500,stable
3119609,2015,3119609,stable
3119708,2015,3119708,stable
3119807,2015,3119807,stable
3119906,2015,3119906,stable
3119955,2015,3119955,stable
3120003,2015,3120003,stable
3120102,2015,3120102,stable
3120151,2015,3120151,stable
3120201,2015,3120201,stable
3120300,2015,3120300,stable
3120409,2015,3120409,stable
3120508,2015,3120508,stable
3120607,2015,3120607,stable
3120706,2015,3120706,stable
3120805,2015,3120805,stable
3120839,2015,3120839,stable
3120870,2015,3120870,stable
3120904,2015,3120904,stable
3121001,2015,3121001,stable
3121100,2015,3121100,stable
3121209,2015,3121209,stable
3121258,2015,3121258,stable
3121308,2015,3121308,stable
3121407,2015,3121407,stable
3121506,2015,3121506,stable
3121605,2015,3121605,stable
3121704,2015,3121704,stable
3121803,2015,3121803,stable
3121902,2015,3121902,stable
3122009,2015,3122009,stable
3122108,2015,3122108,stable
3122207,2015,3122207,stable
3122306,2015,3122306,stable
3122355,2015,3122355,stable
3122405,2015,3122405,stable
3122454,2015,3122454,stable
3122470,2015,3122470,stable
3122504,2015,3122504,stable
3122603,2015,3122603,stable
3122702,2015,3122702,stable
3122801,2015,3122801,stable
3122900,2015,3122900,stable
3123007,2015,3123007,stable
3123106,2015,3123106,stable
3123205,2015,3123205,stable
3123304,2015,3123304,stable
3123403,2015,3123403,stable
3123502,2015,3123502,stable
3123528,2015,3123528,stable
3123601,2015,3123601,stable
3123700,2015,3123700,stable
3123809,2015,3123809,stable
3123858,2015,3123858,stable
3123908,2015,3123908,stable
3124005,2015,3124005,stable
3124104,2015,3124104,stable
3124203,2015,3124203,stable
3124302,2015,3124302,stable
3124401,2015,3124401,stable
3124500,2015,3124500,stable
3124609,2015,3124609,stable
3124708,2015,3124708,stable
3124807,2015,3124807,stable
3124906,2015,3124906,stable
3125002,2015,3125002,stable
3125101,2015,3125101,stable
3125200,2015,3125200,stable
3125309,2015,3125309,stable
3125408,2015,3125408,stable
3125507,2015,3125507,stable
3125606,2015,3125606,stable
3125705,2015,3125705,stable
3125804,2015,3125804,stable
3125903,2015,3125903,stable
3125952,2015,3125952,stable
3126000,2015,3126000,stable
3126109,2015,3126109,stable
3126208,2015,3126208,stable
3126307,2015,3126307,stable
3126406,2015,3126406,stable
3126505,2015,3126505,stable
3126604,2015,3126604,stable
3126703,2015,3126703,stable
3126752,2015,3126752,stable
3126802,2015,3126802,stable
3126901,2015,3126901,stable
3126950,2015,3126950,stable
3127008,2015,3127008,stable
3127057,2015,3127057,stable
3127073,2015,3127073,stable
3127107,2015,3127107,stable
3127206,2015,3127206,stable
3127305,2015,3127305,stable
3127339,2015,3127339,stable
3127354,2015,3127354,stable
3127370,2015,3127370,stable
3127388,2015,3127388,stable
3127404,2015,3127404,stable
3127503,2015,3127503,stable
3127602,2015,3127602,stable
3127701,2015,3127701,stable
3127800,2015,3127800,stable
3127909,2015,3127909,stable
3128006,2015,3128006,stable
3128105,2015,3128105,stable
3128204,2015,3128204,stable
3128253,2015,3128253,stable
3128303,2015,3128303,stable
3128402,2015,3128402,stable
3128501,2015,3128501,stable
3128600,2015,3128600,stable
3128709,2015,3128709,stable
3128808,2015,3128808,stable
3128907,2015,3128907,stable
3129004,2015,3129004,stable
3129103,2015,3129103,stable
3129202,2015,3129202,stable
3129301,2015,3129301,stable
3129400,2015,3129400,stable
3129509,2015,3129509,stable
3129608,2015,3129608,stable
3129657,2015,3129657,stable
3129707,2015,3129707,stable
3129806,2015,3129806,stable
3129905,2015,3129905,stable
3130002,2015,3130002,stable
3130051,2015,3130051,stable
3130101,2015,3130101,stable
3130200,2015,3130200,stable
3130309,2015,3130309,stable
3130408,2015,3130408,stable
3130507,2015,3130507,stable
3130556,2015,3130556,stable
3130606,2015,3130606,stable
3130655,2015,3130655,stable
3130705,2015,3130705,stable
3130804,2015,3130804,stable
3130903,2015,3130903,stable
3131000,2015,3131000,stable
3131109,2015,3131109,stable
3131158,2015,3131158,stable
3131208,2015,3131208,stable
3131307,2015,3131307,stable
3131406,2015,3131406,stable
3131505,2015,3131505,stable
3131604,2015,3131604,stable
3131703,2015,3131703,stable
3131802,2015,3131802,stable
3131901,2015,3131901,stable
3132008,2015,3132008,stable
3132107,2015,3132107,stable
3132206,2015,3132206,stable
3132305,2015,3132305,stable
3132404,2015,3132404,stable
3132503,2015,3132503,stable
3132602,2015,3132602,stable
3132701,2015,3132701,stable
3132800,2015,3132800,stable
3132909,2015,3132909,stable
3133006,2015,3133006,stable
3133105,2015,3133105,stable
3133204,2015,3133204,stable
3133303,2015,3133303,stable
3133402,2015,3133402,stable
3133501,2015,3133501,stable
3133600,2015,3133600,stable
3133709,2015,3133709,stable
3133758,2015,3133758,stable
3133808,2015,3133808,stable
3133907,2015,3133907,stable
3134004,2015,3134004,stable
3134103,2015,3134103,stable
3134202,2015,3134202,stable
3134301,2015,3134301,stable
3134400,2015,3134400,stable
3134509,2015,3134509,stable
3134608,2015,3134608,stable
3134707,2015,3134707,stable
3134806,2015,3134806,stable
3134905,2015,3134905,stable
3135001,2015,3135001,stable
3135050,2015,3135050,stable
3135076,2015,3135076,stable
3135100,2015,3135100,stable
3135209,2015,3135209,stable
3135308,2015,3135308,stable
3135357,2015,3135357,stable
3135407,2015,3135407,stable
3135456,2015,3135456,stable
3135506,2015,3135506,stable
3135605,2015,3135605,stable
3135704,2015,3135704,stable
3135803,2015,3135803,stable
3135902,2015,3135902,stable
3136009,2015,3136009,stable
3136108,2015,3136108,stable
3136207,2015,3136207,stable
3136306,2015,3136306,stable
3136405,2015,3136405,stable
3136504,2015,3136504,stable
3136520,2015,3136520,stable
3136553,2015,3136553,stable
3136579,2015,3136579,stable
3136603,2015,3136603,stable
3136652,2015,3136652,stable
3136702,2015,3136702,stable
3136801,2015,3136801,stable
3136900,2015,3136900,stable
3136959,2015,3136959,stable
3137007,2015,3137007,stable
3137106,2015,3137106,stable
3137205,2015,3137205,stable
3137304,2015,3137304,stable
3137403,2015,3137403,stable
3137502,2015,3137502,stable
3137536,2015,3137536,stable
3137601,2015,3137601,stable
3137700,2015,3137700,stable
3137809,2015,3137809,stable
3137908,2015,3137908,stable
3138005,2015,3138005,stable
3138104,2015,3138104,stable
3138203,2015,3138203,stable
3138302,2015,3138302,stable
3138351,2015,3138351,stable
3138401,2015,3138401,stable
3138500,2015,3138500,stable
3138609,2015,3138609,stable
3138625,2015,3138625,stable
3138658,2015,3138658,stable
3138674,2015,3138674,stable
3138682,2015,3138682,stable
3138708,2015,3138708,stable
3138807,2015,3138807,stable
3138906,2015,3138906,stable
3139003,2015,3139003,stable
3139102,2015,3139102,stable
3139201,2015,3139201,stable
3139250,2015,3139250,stable
3139300,2015,3139300,stable
3139409,2015,3139409,stable
3139508,2015,3139508,stable
3139607,2015,3139607,stable
3139706,2015,3139706,stable
3139805,2015,3139805,stable
3139904,2015,3139904,stable
3140001,2015,3140001,stable
3140100,2015,3140100,stable
3140159,2015,3140159,stable
3140209,2015,3140209,stable
3140308,2015,3140308,stable
3140407,2015,3140407,stable
3140506,2015,3140506,stable
3140530,2015,3140530,stable
3140555,2015,3140555,stable
3140605,2015,3140605,stable
3140704,2015,3140704,stable
3140803,2015,3140803,stable
3140852,2015,3140852,stable
3140902,2015,3140902,stable
3141009,2015,3141009,stable
3141108,2015,3141108,stable
3141207,2015,3141207,stable
3141306,2015,3141306,stable
3141405,2015,3141405,stable
3141504,2015,3141504,stable
3141603,2015,3141603,stable
3141702,2015,3141702,stable
3141801,2015,3141801,stable
3141900,2015,3141900,stable
3142007,2015,3142007,stable
3142106,2015,3142106,stable
3142205,2015,3142205,stable
3142254,2015,3142254,stable
3142304,2015,3142304,stable
3142403,2015,3142403,stable
3142502,2015,3142502,stable
3142601,2015,3142601,stable
3142700,2015,3142700,stable
3142809,2015,3142809,stable
3142908,2015,3142908,stable
3143005,2015,3143005,stable
3143104,2015,3143104,stable
3143153,2015,3143153,stable
3143203,2015,3143203,stable
3143302,2015,3143302,stable
3143401,2015,3143401,stable
3143450,2015,3143450,stable
3143500,2015,3143500,stable
3143609,2015,3143609,stable
3143708,2015,3143708,stable
3143807,2015,3143807,stable
3143906,2015,3143906,stable
3144003,2015,3144003,stable
3144102,2015,3144102,stable
3144201,2015,3144201,stable
3144300,2015,3144300,stable
3144359,2015,3144359,stable
3144375,2015,3144375,stable
3144409,2015,3144409,stable
3144508,2015,3144508,stable
3144607,2015,3144607,stable
3144656,2015,3144656,stable
3144672,2015,3144672,stable
3144706,2015,3144706,stable
3144805,2015,3144805,stable
3144904,2015,3144904,stable
3145000,2015,3145000,stable
3145059,2015,3145059,stable
3145109,2015,3145109,stable
3145208,2015,3145208,stable
3145307,2015,3145307,stable
3145356,2015,3145356,stable
3145372,2015,3145372,stable
3145406,2015,3145406,stable
3145455,2015,3145455,stable
3145505,2015,3145505,stable
3145604,2015,3145604,stable
3145703,2015,3145703,stable
3145802,2015,3145802,stable
3145851,2015,3145851,stable
3145877,2015,3145877,stable
3145901,2015,3145901,stable
3146008,2015,3146008,stable
3146107,2015,3146107,stable
3146206,2015,3146206,stable
3146255,2015,3146255,stable
3146305,2015,3146305,stable
3146404,2015,3146404,stable
3146503,2015,3146503,stable
3146552,2015,3146552,stable
3146602,2015,3146602,stable
3146701,2015,3146701,stable
3146750,2015,3146750,stable
3146909,2015,3146909,stable
3147006,2015,3147006,stable
3147105,2015,3147105,stable
3147204,2015,3147204,stable
3147303,2015,3147303,stable
3147402,2015,3147402,stable
3147501,2015,3147501,stable
3147600,2015,3147600,stable
3147709,2015,3147709,stable
3147808,2015,3147808,stable
3147907,2015,3147907,stable
3147956,2015,3147956,stable
3148004,2015,3148004,stable
3148103,2015,3148103,stable
3148202,2015,3148202,stable
3148301,2015,3148301,stable
3148400,2015,3148400,stable
3148509,2015,3148509,stable
3148608,2015,3148608,stable
3148707,2015,3148707,stable
3148756,2015,3148756,stable
3148806,2015,3148806,stable
3148905,2015,3148905,stable
3149002,2015,3149002,stable
3149101,2015,3149101,stable
3149150,2015,3149150,stable
3149200,2015,3149200,stable
3149309,2015,3149309,stable
3149408,2015,3149408,stable
3149507,2015,3149507,stable
3149606,2015,3149606,stable
3149705,2015,3149705,stable
3149804,2015,3149804,stable
3149903,2015,3149903,stable
3149952,2015,3149952,stable
3150000,2015,3150000,stable
3150109,2015,3150109,stable
3150158,2015,3150158,stable
3150208,2015,3150208,stable
3150307,2015,3150307,stable
3150406,2015,3150406,stable
3150505,2015,3150505,stable
3150539,2015,3150539,stable
3150570,2015,3150570,stable
3150604,2015,3150604,stable
3150703,2015,3150703,stable
3150802,2015,3150802,stable
3150901,2015,3150901,stable
3151008,2015,3151008,stable
3151107,2015,3151107,stable
3151206,2015,3151206,stable
3151305,2015,3151305,stable
3151404,2015,3151404,stable
3151503,2015,3151503,stable
3151602,2015,3151602,stable
3151701,2015,3151701,stable
3151800,2015,3151800,stable
3151909,2015,3151909,stable
3152006,2015,3152006,stable
3152105,2015,3152105,stable
3152131,2015,3152131,stable
3152170,2015,3152170,stable
3152204,2015,3152204,stable
3152303,2015,3152303,stable
3152402,2015,3152402,stable
3152501,2015,3152501,stable
3152600,2015,3152600,stable
3152709,2015,3152709,stable
3152808,2015,3152808,stable
3152907,2015,3152907,stable
3153004,2015,3153004,stable
3153103,2015,3153103,stable
3153202,2015,3153202,stable
3153301,2015,3153301,stable
3153400,2015,3153400,stable
3153509,2015,3153509,stable
3153608,2015,3153608,stable
3153707,2015,3153707,stable
3153806,2015,3153806,stable
3153905,2015,3153905,stable
3154002,2015,3154002,stable
3154101,2015,3154101,stable
3154150,2015,3154150,stable
3154200,2015,3154200,stable
3154309,2015,3154309,stable
3154408,2015,3154408,stable
3154457,2015,3154457,stable
3154507,2015,3154507,stable
3154606,2015,3154606,stable
3154705,2015,3154705,stable
3154804,2015,3154804,stable
3154903,2015,3154903,stable
3155009,2015,3155009,stable
3155108,2015,3155108,stable
3155207,2015,3155207,stable
3155306,2015,3155306,stable
3155405,2015,3155405,stable
3155504,2015,3155504,stable
3155603,2015,3155603,stable
3155702,2015,3155702,stable
3155801,2015,3155801,stable
3155900,2015,3155900,stable
3156007,2015,3156007,stable
3156106,2015,3156106,stable
3156205,2015,3156205,stable
3156304,2015,3156304,stable
3156403,2015,3156403,stable
3156452,2015,3156452,stable
3156502,2015,3156502,stable
3156601,2015,3156601,stable
3156700,2015,3156700,stable
3156809,2015,3156809,stable
3156908,2015,3156908,stable
3157005,2015,3157005,stable
3157104,2015,3157104,stable
3157203,2015,3157203,stable
3157252,2015,3157252,stable
3157278,2015,3157278,stable
3157302,2015,3157302,stable
3157336,2015,3157336,stable
3157377,2015,3157377,stable
3157401,2015,3157401,stable
3157500,2015,3157500,stable
3157609,2015,3157609,stable
3157658,2015,3157658,stable
3157708,2015,3157708,stable
3157807,2015,3157807,stable
3157906,2015,3157906,stable
3158003,2015,3158003,stable
3158102,2015,3158102,stable
3158201,2015,3158201,stable
3158300,2015,3158300,stable
3158409,2015,3158409,stable
3158508,2015,3158508,stable
3158607,2015,3158607,stable
3158706,2015,3158706,stable
3158805,2015,3158805,stable
3158904,2015,3158904,stable
3158953,2015,3158953,stable
3159001,2015,3159001,stable
3159100,2015,3159100,stable
3159209,2015,3159209,stable
3159308,2015,3159308,stable
3159357,2015,3159357,stable
3159407,2015,3159407,stable
3159506,2015,3159506,stable
3159605,2015,3159605,stable
3159704,2015,3159704,stable
3159803,2015,3159803,stable
3159902,2015,3159902,stable
3160009,2015,3160009,stable
3160108,2015,3160108,stable
3160207,2015,3160207,stable
3160306,2015,3160306,stable
3160405,2015,3160405,stable
3160454,2015,3160454,stable
3160504,2015,3160504,stable
3160603,2015,3160603,stable
3160702,2015,3160702,stable
3160801,2015,3160801,stable
3160900,2015,3160900,stable
3160959,2015,3160959,stable
3161007,2015,3161007,stable
3161056,2015,3161056,stable
3161106,2015,3161106,stable
3161205,2015,3161205,stable
3161304,2015,3161304,stable
3161403,2015,3161403,stable
3161502,2015,3161502,stable
3161601,2015,3161601,stable
3161650,2015,3161650,stable
3161700,2015,3161700,stable
3161809,2015,3161809,stable
3161908,2015,3161908,stable
3162005,2015,3162005,stable
3162104,2015,3162104,stable
3162203,2015,3162203,stable
3162252,2015,3162252,stable
3162302,2015,3162302,stable
3162401,2015,3162401,stable
3162450,2015,3162450,stable
3162500,2015,3162500,stable
3162559,2015,3162559,stable
3162575,2015,3162575,stable
3162609,2015,3162609,stable
3162658,2015,3162658,stable
3162708,2015,3162708,stable
3162807,2015,3162807,stable
3162906,2015,3162906,stable
3162922,2015,3162922,stable
3162948,2015,3162948,stable
3162955,2015,3162955,stable
3163003,2015,3163003,stable
3163102,2015,3163102,stable
3163201,2015,3163201,stable
3163300,2015,3163300,stable
3163409,2015,3163409,stable
3163508,2015,3163508,stable
3163607,2015,3163607,stable
3163706,2015,3163706,stable
3163805,2015,3163805,stable
3163904,2015,3163904,stable
3164001,2015,3164001,stable
3164100,2015,3164100,stable
3164209,2015,3164209,stable
3164308,2015,3164308,stable
3164407,2015,3164407,stable
3164431,2015,3164431,stable
3164472,2015,3164472,stable
3164506,2015,3164506,stable
3164605,2015,3164605,stable
3164704,2015,3164704,stable
3164803,2015,3164803,stable
3164902,2015,3164902,stable
3165008,2015,3165008,stable
3165107,2015,3165107,stable
3165206,2015,3165206,stable
3165305,2015,3165305,stable
3165404,2015,3165404,stable
3165503,2015,3165503,stable
3165537,2015,3165537,stable
3165552,2015,3165552,stable
3165560,2015,3165560,stable
3165578,2015,3165578,stable
3165602,2015,3165602,stable
3165701,2015,3165701,stable
3165800,2015,3165800,stable
3165909,2015,3165909,stable
3166006,2015,3166006,stable
3166105,2015,3166105,stable
3166204,2015,3166204,stable
3166303,2015,3166303,stable
3166402,2015,3166402,stable
3166501,2015,3166501,stable
3166600,2015,3166600,stable
3166709,2015,3166709,stable
3166808,2015,3166808,stable
3166907,2015,3166907,stable
3166956,2015,3166956,stable
3167004,2015,3167004,stable
3167103,2015,3167103,stable
3167202,2015,3167202,stable
3167301,2015,3167301,stable
3167400,2015,3167400,stable
3167509,2015,3167509,stable
3167608,2015,3167608,stable
3167707,2015,3167707,stable
3167806,2015,3167806,stable
3167905,2015,3167905,stable
3168002,2015,3168002,stable
3168051,2015,3168051,stable
3168101,2015,3168101,stable
3168200,2015,3168200,stable
3168309,2015,3168309,stable
3168408,2015,3168408,stable
3168507,2015,3168507,stable
3168606,2015,3168606,stable
3168705,2015,3168705,stable
3168804,2015,3168804,stable
3168903,2015,3168903,stable
3169000,2015,3169000,stable
3169059,2015,3169059,stable
3169109,2015,3169109,stable
3169208,2015,3169208,stable
3169307,2015,3169307,stable
3169356,2015,3169356,stable
3169406,2015,3169406,stable
3169505,2015,3169505,stable
3169604,2015,3169604,stable
3169703,2015,3169703,stable
3169802,2015,3169802,stable
3169901,2015,3169901,stable
3170008,2015,3170008,stable
3170057,2015,3170057,stable
3170107,2015,3170107,stable
3170206,2015,3170206,stable
3170305,2015,3170305,stable
3170404,2015,3170404,stable
3170438,2015,3170438,stable
3170479,2015,3170479,stable
3170503,2015,3170503,stable
3170529,2015,3170529,stable
3170578,2015,3170578,stable
3170602,2015,3170602,stable
3170651,2015,3170651,stable
3170701,2015,3170701,stable
3170750,2015,3170750,stable
3170800,2015,3170800,stable
3170909,2015,3170909,stable
3171006,2015,3171006,stable
3171030,2015,3171030,stable
3171071,2015,3171071,stable
3171105,2015,3171105,stable
3171154,2015,3171154,stable
3171204,2015,3171204,stable
3171303,2015,3171303,stable
3171402,2015,3171402,stable
3171501,2015,3171501,stable
3171600,2015,3171600,stable
3171709,2015,3171709,stable
3171808,2015,3171808,stable
3171907,2015,3171907,stable
3172004,2015,3172004,stable
3172103,2015,3172103,stable
3172202,2015,3172202,stable
3200102,2015,3200102,stable
3200136,2015,3200136,stable
3200169,2015,3200169,stable
3200201,2015,3200201,stable
3200300,2015,3200300,stable
3200359,2015,3200359,stable
3200409,2015,3200409,stable
3200508,2015,3200508,stable
3200607,2015,3200607,stable
3200706,2015,3200706,stable
3200805,2015,3200805,stable
3200904,2015,3200904,stable
3201001,2015,3201001,stable
3201100,2015,3201100,stable
3201159,2015,3201159,stable
3201209,2015,3201209,stable
3201308,2015,3201308,stable
3201407,2015,3201407,stable
3201506,2015,3201506,stable
3201605,2015,3201605,stable
3201704,2015,3201704,stable
3201803,2015,3201803,stable
3201902,2015,3201902,stable
3202009,2015,3202009,stable
3202108,2015,3202108,stable
3202207,2015,3202207,stable
3202256,2015,3202256,stable
3202306,2015,3202306,stable
3202405,2015,3202405,stable
3202454,2015,3202454,stable
3202504,2015,3202504,stable
3202553,2015,3202553,stable
3202603,2015,3202603,stable
3202652,2015,3202652,stable
3202702,2015,3202702,stable
3202801,2015,3202801,stable
3202900,2015,3202900,stable
3203007,2015,3203007,stable
3203056,2015,3203056,stable
3203106,2015,3203106,stable
3203130,2015,3203130,stable
3203163,2015,3203163,stable
3203205,2015,3203205,stable
3203304,2015,3203304,stable
3203320,2015,3203320,stable
3203346,2015,3203346,stable
3203353,2015,3203353,stable
3203403,2015,3203403,stable
3203502,2015,3203502,stable
3203601,2015,3203601,stable
3203700,2015,3203700,stable
3203809,2015,3203809,stable
3203908,2015,3203908,stable
3204005,2015,3204005,stable
3204054,2015,3204054,stable
3204104,2015,3204104,stable
3204203,2015,3204203,stable
3204252,2015,3204252,stable
3204302,2015,3204302,stable
3204351,2015,3204351,stable
3204401,2015,3204401,stable
3204500,2015,3204500,stable
3204559,2015,3204559,stable
3204609,2015,3204609,stable
3204658,2015,3204658,stable
3204708,2015,3204708,stable
3204807,2015,3204807,stable
3204906,2015,3204906,stable
3204955,2015,3204955,stable
3205002,2015,3205002,stable
3205010,2015,3205010,stable
3205036,2015,3205036,stable
3205069,2015,3205069,stable
3205101,2015,3205101,stable
3205150,2015,3205150,stable
3205176,2015,3205176,stable
3205200,2015,3205200,stable
3205309,2015,3205309,stable
3300100,2015,3300100,stable
3300159,2015,3300159,stable
3300209,2015,3300209,stable
3300225,2015,3300225,stable
3300233,2015,3300233,stable
3300258,2015,3300258,stable
3300308,2015,3300308,stable
3300407,2015,3300407,stable
3300456,2015,3300456,stable
3300506,2015,3300506,stable
3300605,2015,3300605,stable
3300704,2015,3300704,stable
3300803,2015,3300803,stable
3300902,2015,3300902,stable
3300936,2015,3300936,stable
3300951,2015,3300951,stable
3301009,2015,3301009,stable
3301108,2015,3301108,stable
3301157,2015,3301157,stable
3301207,2015,3301207,stable
3301306,2015,3301306,stable
3301405,2015,3301405,stable
3301504,2015,3301504,stable
3301603,2015,3301603,stable
3301702,2015,3301702,stable
3301801,2015,3301801,stable
3301850,2015,3301850,stable
3301876,2015,3301876,stable
3301900,2015,3301900,stable
3302007,2015,3302007,stable
3302056,2015,3302056,stable
3302106,2015,3302106,stable
3302205,2015,3302205,stable
3302254,2015,3302254,stable
3302270,2015,3302270,stable
3302304,2015,3302304,stable
3302403,2015,3302403,stable
3302452,2015,3302452,stable
3302502,2015,3302502,stable
3302601,2015,3302601,stable
3302700,2015,3302700,stable
3302809,2015,3302809,stable
3302858,2015,3302858,stable
3302908,2015,3302908,stable
3303005,2015,3303005,stable
3303104,2015,3303104,stable
3303203,2015,3303203,stable
3303302,2015,3303302,stable
3303401,2015,3303401,stable
3303500,2015,3303500,stable
3303609,2015,3303609,stable
3303708,2015,3303708,stable
3303807,2015,3303807,stable
3303856,2015,3303856,stable
3303906,2015,3303906,stable
3303955,2015,3303955,stable
3304003,2015,3304003,stable
3304102,2015,3304102,stable
3304110,2015,3304110,stable
3304128,2015,3304128,stable
3304144,2015,3304144,stable
3304151,2015,3304151,stable
3304201,2015,3304201,stable
3304300,2015,3304300,stable
3304409,2015,3304409,stable
3304508,2015,3304508,stable
3304524,2015,3304524,stable
3304557,2015,3304557,stable
3304607,2015,3304607,stable
3304706,2015,3304706,stable
3304755,2015,3304755,stable
3304805,2015,3304805,stable
3304904,2015,3304904,stable
3305000,2015,3305000,stable
3305109,2015,3305109,stable
3305133,2015,3305133,stable
3305158,2015,3305158,stable
3305208,2015,3305208,stable
3305307,2015,3305307,stable
3305406,2015,3305406,stable
3305505,2015,3305505,stable
3305554,2015,3305554,stable
3305604,2015,3305604,stable
3305703,2015,3305703,stable
3305752,2015,3305752,stable
3305802,2015,3305802,stable
3305901,2015,3305901,stable
3306008,2015,3306008,stable
3306107,2015,3306107,stable
3306156,2015,3306156,stable
3306206,2015,3306206,stable
3306305,2015,3306305,stable
3500105,2015,3500105,stable
3500204,2015,3500204,stable
3500303,2015,3500303,stable
3500402,2015,3500402,stable
3500501,2015,3500501,stable
3500550,2015,3500550,stable
3500600,2015,3500600,stable
3500709,2015,3500709,stable
3500758,2015,3500758,stable
3500808,2015,3500808,stable
3500907,2015,3500907,stable
3501004,2015,3501004,stable
3501103,2015,3501103,stable
3501152,2015,3501152,stable
3501202,2015,3501202,stable
3501301,2015,3501301,stable
3501400,2015,3501400,stable
3501509,2015,3501509,stable
3501608,2015,3501608,stable
3501707,2015,3501707,stable
3501806,2015,3501806,stable
3501905,2015,3501905,stable
3502002,2015,3502002,stable
3502101,2015,3502101,stable
3502200,2015,3502200,stable
3502309,2015,3502309,stable
3502408,2015,3502408,stable
3502507,2015,3502507,stable
3502606,2015,3502606,stable
3502705,2015,3502705,stable
3502754,2015,3502754,stable
3502804,2015,3502804,stable
3502903,2015,3502903,stable
3503000,2015,3503000,stable
3503109,2015,3503109,stable
3503158,2015,3503158,stable
3503208,2015,3503208,stable
3503307,2015,3503307,stable
3503356,2015,3503356,stable
3503406,2015,3503406,stable
3503505,2015,3503505,stable
3503604,2015,3503604,stable
3503703,2015,3503703,stable
3503802,2015,3503802,stable
3503901,2015,3503901,stable
3503950,2015,3503950,stable
3504008,2015,3504008,stable
3504107,2015,3504107,stable
3504206,2015,3504206,stable
3504305,2015,3504305,stable
3504404,2015,3504404,stable
3504503,2015,3504503,stable
3504602,2015,3504602,stable
3504701,2015,3504701,stable
3504800,2015,3504800,stable
3504909,2015,3504909,stable
3505005,2015,3505005,stable
3505104,2015,3505104,stable
3505203,2015,3505203,stable
3505302,2015,3505302,stable
3505351,2015,3505351,stable
3505401,2015,3505401,stable
3505500,2015,3505500,stable
3505609,2015,3505609,stable
3505708,2015,3505708,stable
3505807,2015,3505807,stable
3505906,2015,3505906,stable
3506003,2015,3506003,stable
3506102,2015,3506102,stable
3506201,2015,3506201,stable
3506300,2015,3506300,stable
3506359,2015,3506359,stable
3506409,2015,3506409,stable
3506508,2015,3506508,stable
3506607,2015,3506607,stable
3506706,2015,3506706,stable
3506805,2015,3506805,stable
3506904,2015,3506904,stable
3507001,2015,3507001,stable
3507100,2015,3507100,stable
3507159,2015,3507159,stable
3507209,2015,3507209,stable
3507308,2015,3507308,stable
3507407,2015,3507407,stable
3507456,2015,3507456,stable
3507506,2015,3507506,stable
3507605,2015,3507605,stable
3507704,2015,3507704,stable
3507753,2015,3507753,stable
3507803,2015,3507803,stable
3507902,2015,3507902,stable
3508009,2015,3508009,stable
3508108,2015,3508108,stable
3508207,2015,3508207,stable
3508306,2015,3508306,stable
3508405,2015,3508405,stable
3508504,2015,3508504,stable
3508603,2015,3508603,stable
3508702,2015,3508702,stable
3508801,2015,3508801,stable
3508900,2015,3508900,stable
3509007,2015,3509007,stable
3509106,2015,3509106,stable
3509205,2015,3509205,stable
3509254,2015,3509254,stable
3509304,2015,3509304,stable
3509403,2015,3509403,stable
3509452,2015,3509452,stable
3509502,2015,3509502,stable
3509601,2015,3509601,stable
3509700,2015,3509700,stable
3509809,2015,3509809,stable
3509908,2015,3509908,stable
3509957,2015,3509957,stable
3510005,2015,3510005,stable
3510104,2015,3510104,stable
3510153,2015,3510153,stable
3510203,2015,3510203,stable
3510302,2015,3510302,stable
3510401,2015,3510401,stable
3510500,2015,3510500,stable
3510609,2015,3510609,stable
3510708,2015,3510708,stable
3510807,2015,3510807,stable
3510906,2015,3510906,stable
3511003,2015,3511003,stable
3511102,2015,3511102,stable
3511201,2015,3511201,stable
3511300,2015,3511300,stable
3511409,2015,3511409,stable
3511508,2015,3511508,stable
3511607,2015,3511607,stable
3511706,2015,3511706,stable
3511904,2015,3511904,stable
3512001,2015,3512001,stable
3512100,2015,3512100,stable
3512209,2015,3512209,stable
3512308,2015,3512308,stable
3512407,2015,3512407,stable
3512506,2015,3512506,stable
3512605,2015,3512605,stable
3512704,2015,3512704,stable
3512803,2015,3512803,stable
3512902,2015,3512902,stable
3513009,2015,3513009,stable
3513108,2015,3513108,stable
3513207,2015,3513207,stable
3513306,2015,3513306,stable
3513405,2015,3513405,stable
3513504,2015,3513504,stable
3513603,2015,3513603,stable
3513702,2015,3513702,stable
3513801,2015,3513801,stable
3513850,2015,3513850,stable
3513900,2015,3513900,stable
3514007,2015,3514007,stable
3514106,2015,3514106,stable
3514205,2015,3514205,stable
3514304,2015,3514304,stable
3514403,2015,3514403,stable
3514502,2015,3514502,stable
3514601,2015,3514601,stable
3514700,2015,3514700,stable
3514809,2015,3514809,stable
3514908,2015,3514908,stable
3514924,2015,3514924,stable
3514957,2015,3514957,stable
3515004,2015,3515004,stable
3515103,2015,3515103,stable
3515129,2015,3515129,stable
3515152,2015,3515152,stable
3515186,2015,3515186,stable
3515194,2015,3515194,stable
3515202,2015,3515202,stable
3515301,2015,3515301,stable
3515350,2015,3515350,stable
3515400,2015,3515400,stable
3515509,2015,3515509,stable
3515608,2015,3515608,stable
3515657,2015,3515657,stable
3515707,2015,3515707,stable
3515806,2015,3515806,stable
3515905,2015,3515905,stable
3516002,2015,3516002,stable
3516101,2015,3516101,stable
3516200,2015,3516200,stable
3516309,2015,3516309,stable
3516408,2015,3516408,stable
3516507,2015,3516507,stable
3516606,2015,3516606,stable
3516705,2015,3516705,stable
3516804,2015,3516804,stable
3516853,2015,3516853,stable
3516903,2015,3516903,stable
3517000,2015,3517000,stable
3517109,2015,3517109,stable
3517208,2015,3517208,stable
3517307,2015,3517307,stable
3517406,2015,3517406,stable
3517505,2015,3517505,stable
3517604,2015,3517604,stable
3517703,2015,3517703,stable
3517802,2015,3517802,stable
3517901,2015,3517901,stable
3518008,2015,3518008,stable
3518107,2015,3518107,stable
3518206,2015,3518206,stable
3518305,2015,3518305,stable
3518404,2015,3518404,stable
3518503,2015,3518503,stable
3518602,2015,3518602,stable
3518701,2015,3518701,stable
3518800,2015,3518800,stable
3518859,2015,3518859,stable
3518909,2015,3518909,stable
3519006,2015,3519006,stable
3519055,2015,3519055,stable
3519071,2015,3519071,stable
3519105,2015,3519105,stable
3519204,2015,3519204,stable
3519253,2015,3519253,stable
3519303,2015,3519303,stable
3519402,2015,3519402,stable
3519501,2015,3519501,stable
3519600,2015,3519600,stable
3519709,2015,3519709,stable
3519808,2015,3519808,stable
3519907,2015,3519907,stable
3520004,2015,3520004,stable
3520103,2015,3520103,stable
3520202,2015,3520202,stable
3520301,2015,3520301,stable
3520400,2015,3520400,stable
3520426,2015,3520426,stable
3520442,2015,3520442,stable
3520509,2015,3520509,stable
3520608,2015,3520608,stable
3520707,2015,3520707,stable
3520806,2015,3520806,stable
3520905,2015,3520905,stable
3521002,2015,3521002,stable
3521101,2015,3521101,stable
3521150,2015,3521150,stable
3521200,2015,3521200,stable
3521309,2015,3521309,stable
3521408,2015,3521408,stable
3521507,2015,3521507,stable
3521606,2015,3521606,stable
3521705,2015,3521705,stable
3521804,2015,3521804,stable
3521903,2015,3521903,stable
3522000,2015,3522000,stable
3522109,2015,3522109,stable
3522158,2015,3522158,stable
3522208,2015,3522208,stable
3522307,2015,3522307,stable
3522406,2015,3522406,stable
3522505,2015,3522505,stable
3522604,2015,3522604,stable
3522653,2015,3522653,stable
3522703,2015,3522703,stable
3522802,2015,3522802,stable
3522901,2015,3522901,stable
3523008,2015,3523008,stable
3523107,2015,3523107,stable
3523206,2015,3523206,stable
3523305,2015,3523305,stable
3523404,2015,3523404,stable
3523503,2015,3523503,stable
3523602,2015,3523602,stable
3523701,2015,3523701,stable
3523800,2015,3523800,stable
3523909,2015,3523909,stable
3524006,2015,3524006,stable
3524105,2015,3524105,stable
3524204,2015,3524204,stable
3524303,2015,3524303,stable
3524402,2015,3524402,stable
3524501,2015,3524501,stable
3524600,2015,3524600,stable
3524709,2015,3524709,stable
3524808,2015,3524808,stable
3524907,2015,3524907,stable
3525003,2015,3525003,stable
3525102,2015,3525102,stable
3525201,2015,3525201,stable
3525300,2015,3525300,stable
3525409,2015,3525409,stable
3525508,2015,3525508,stable
3525607,2015,3525607,stable
3525706,2015,3525706,stable
3525805,2015,3525805,stable
3525854,2015,3525854,stable
3525904,2015,3525904,stable
3526001,2015,3526001,stable
3526100,2015,3526100,stable
3526209,2015,3526209,stable
3526308,2015,3526308,stable
3526407,2015,3526407,stable
3526506,2015,3526506,stable
3526605,2015,3526605,stable
3526704,2015,3526704,stable
3526803,2015,3526803,stable
3526902,2015,3526902,stable
3527009,2015,3527009,stable
3527108,2015,3527108,stable
3527207,2015,3527207,stable
3527256,2015,3527256,stable
3527306,2015,3527306,stable
3527405,2015,3527405,stable
3527504,2015,3527504,stable
3527603,2015,3527603,stable
3527702,2015,3527702,stable
3527801,2015,3527801,stable
3527900,2015,3527900,stable
3528007,2015,3528007,stable
3528106,2015,3528106,stable
3528205,2015,3528205,stable
3528304,2015,3528304,stable
3528403,2015,3528403,stable
3528502,2015,3528502,stable
3528601,2015,3528601,stable
3528700,2015,3528700,stable
3528809,2015,3528809,stable
3528858,2015,3528858,stable
3528908,2015,3528908,stable
3529005,2015,3529005,stable
3529104,2015,3529104,stable
3529203,2015,3529203,stable
3529302,2015,3529302,stable
3529401,2015,3529401,stable
3529500,2015,3529500,stable
3529609,2015,3529609,stable
3529658,2015,3529658,stable
3529708,2015,3529708,stable
3529807,2015,3529807,stable
3529906,2015,3529906,stable
3530003,2015,3530003,stable
3530102,2015,3530102,stable
3530201,2015,3530201,stable
3530300,2015,3530300,stable
3530409,2015,3530409,stable
3530508,2015,3530508,stable
3530607,2015,3530607,stable
3530706,2015,3530706,stable
3530805,2015,3530805,stable
3530904,2015,3530904,stable
3531001,2015,3531001,stable
3531100,2015,3531100,stable
3531209,2015,3531209,stable
3531308,2015,3531308,stable
3531407,2015,3531407,stable
3531506,2015,3531506,stable
3531605,2015,3531605,stable
3531704,2015,3531704,stable
3531803,2015,3531803,stable
3531902,2015,3531902,stable
3532009,2015,3532009,stable
3532058,2015,3532058,stable
3532108,2015,3532108,stable
3532157,2015,3532157,stable
3532207,2015,3532207,stable
3532306,2015,3532306,stable
3532405,2015,3532405,stable
3532504,2015,3532504,stable
3532603,2015,3532603,stable
3532702,2015,3532702,stable
3532801,2015,3532801,stable
3532827,2015,3532827,stable
3532843,2015,3532843,stable
3532868,2015,3532868,stable
3532900,2015,3532900,stable
3533007,2015,3533007,stable
3533106,2015,3533106,stable
3533205,2015,3533205,stable
3533254,2015,3533254,stable
3533304,2015,3533304,stable
3533403,2015,3533403,stable
3533502,2015,3533502,stable
3533601,2015,3533601,stable
3533700,2015,3533700,stable
3533809,2015,3533809,stable
3533908,2015,3533908,stable
3534005,2015,3534005,stable
3534104,2015,3534104,stable
3534203,2015,3534203,stable
3534302,2015,3534302,stable
3534401,2015,3534401,stable
3534500,2015,3534500,stable
3534609,2015,3534609,stable
3534708,2015,3534708,stable
3534757,2015,3534757,stable
3534807,2015,3534807,stable
3534906,2015,3534906,stable
3535002,2015,3535002,stable
3535101,2015,3535101,stable
3535200,2015,3535200,stable
3535309,2015,3535309,stable
3535408,2015,3535408,stable
3535507,2015,3535507,stable
3535606,2015,3535606,stable
3535705,2015,3535705,stable
3535804,2015,3535804,stable
3535903,2015,3535903,stable
3536000,2015,3536000,stable
3536109,2015,3536109,stable
3536208,2015,3536208,stable
3536257,2015,3536257,stable
3536307,2015,3536307,stable
3536406,2015,3536406,stable
3536505,2015,3536505,stable
3536570,2015,3536570,stable
3536604,2015,3536604,stable
3536703,2015,3536703,stable
3536802,2015,3536802,stable
3536901,2015,3536901,stable
3537008,2015,3537008,stable
3537107,2015,3537107,stable
3537156,2015,3537156,stable
3537206,2015,3537206,stable
3537305,2015,3537305,stable
3537404,2015,3537404,stable
3537503,2015,3537503,stable
3537602,2015,3537602,stable
3537701,2015,3537701,stable
3537800,2015,3537800,stable
3537909,2015,3537909,stable
3538006,2015,3538006,stable
3538105,2015,3538105,stable
3538204,2015,3538204,stable
3538303,2015,3538303,stable
3538501,2015,3538501,stable
3538600,2015,3538600,stable
3538709,2015,3538709,stable
3538808,2015,3538808,stable
3538907,2015,3538907,stable
3539004,2015,3539004,stable
3539103,2015,3539103,stable
3539202,2015,3539202,stable
3539301,2015,3539301,stable
3539400,2015,3539400,stable
3539509,2015,3539509,stable
3539608,2015,3539608,stable
3539707,2015,3539707,stable
3539806,2015,3539806,stable
3539905,2015,3539905,stable
3540002,2015,3540002,stable
3540101,2015,3540101,stable
3540200,2015,3540200,stable
3540259,2015,3540259,stable
3540309,2015,3540309,stable
3540408,2015,3540408,stable
3540507,2015,3540507,stable
3540606,2015,3540606,stable
3540705,2015,3540705,stable
3540754,2015,3540754,stable
3540804,2015,3540804,stable
3540853,2015,3540853,stable
3540903,2015,3540903,stable
3541000,2015,3541000,stable
3541059,2015,3541059,stable
3541109,2015,3541109,stable
3541208,2015,3541208,stable
3541307,2015,3541307,stable
3541406,2015,3541406,stable
3541505,2015,3541505,stable
3541604,2015,3541604,stable
3541653,2015,3541653,stable
3541703,2015,3541703,stable
3541802,2015,3541802,stable
3541901,2015,3541901,stable
3542008,2015,3542008,stable
3542107,2015,3542107,stable
3542206,2015,3542206,stable
3542305,2015,3542305,stable
3542404,2015,3542404,stable
3542503,2015,3542503,stable
3542602,2015,3542602,stable
3542701,2015,3542701,stable
3542800,2015,3542800,stable
3542909,2015,3542909,stable
3543006,2015,3543006,stable
3543105,2015,3543105,stable
3543204,2015,3543204,stable
3543238,2015,3543238,stable
3543253,2015,3543253,stable
3543303,2015,3543303,stable
3543402,2015,3543402,stable
3543501,2015,3543501,stable
3543600,2015,3543600,stable
3543709,2015,3543709,stable
3543808,2015,3543808,stable
3543907,2015,3543907,stable
3544004,2015,3544004,stable
3544103,2015,3544103,stable
3544202,2015,3544202,stable
3544251,2015,3544251,stable
3544301,2015,3544301,stable
3544400,2015,3544400,stable
3544509,2015,3544509,stable
3544608,2015,3544608,stable
3544707,2015,3544707,stable
3544806,2015,3544806,stable
3544905,2015,3544905,stable
3545001,2015,3545001,stable
3545100,2015,3545100,stable
3545159,2015,3545159,stable
3545209,2015,3545209,stable
3545308,2015,3545308,stable
3545407,2015,3545407,stable
3545506,2015,3545506,stable
3545605,2015,3545605,stable
3545704,2015,3545704,stable
3545803,2015,3545803,stable
3546009,2015,3546009,stable
3546108,2015,3546108,stable
3546207,2015,3546207,stable
3546256,2015,3546256,stable
3546306,2015,3546306,stable
3546405,2015,3546405,stable
3546504,2015,3546504,stable
3546603,2015,3546603,stable
3546702,2015,3546702,stable
3546801,2015,3546801,stable
3546900,2015,3546900,stable
3547007,2015,3547007,stable
3547106,2015,3547106,stable
3547205,2015,3547205,stable
3547304,2015,3547304,stable
3547403,2015,3547403,stable
3547502,2015,3547502,stable
3547601,2015,3547601,stable
3547650,2015,3547650,stable
3547700,2015,3547700,stable
3547809,2015,3547809,stable
3547908,2015,3547908,stable
3548005,2015,3548005,stable
3548054,2015,3548054,stable
3548104,2015,3548104,stable
3548203,2015,3548203,stable
3548302,2015,3548302,stable
3548401,2015,3548401,stable
3548500,2015,3548500,stable
3548609,2015,3548609,stable
3548708,2015,3548708,stable
3548807,2015,3548807,stable
3548906,2015,3548906,stable
3549003,2015,3549003,stable
3549102,2015,3549102,stable
3549201,2015,3549201,stable
3549250,2015,3549250,stable
3549300,2015,3549300,stable
3549409,2015,3549409,stable
3549508,2015,3549508,stable
3549607,2015,3549607,stable
3549706,2015,3549706,stable
3549805,2015,3549805,stable
3549904,2015,3549904,stable
3549953,2015,3549953,stable
3550001,2015,3550001,stable
3550100,2015,3550100,stable
3550209,2015,3550209,stable
3550308,2015,3550308,stable
3550407,2015,3550407,stable
3550506,2015,3550506,stable
3550605,2015,3550605,stable
3550704,2015,3550704,stable
3550803,2015,3550803,stable
3550902,2015,3550902,stable
3551009,2015,3551009,stable
3551108,2015,3551108,stable
3551207,2015,3551207,stable
3551306,2015,3551306,stable
3551405,2015,3551405,stable
3551504,2015,3551504,stable
3551603,2015,3551603,stable
3551702,2015,3551702,stable
3551801,2015,3551801,stable
3551900,2015,3551900,stable
3552007,2015,3552007,stable
3552106,2015,3552106,stable
3552205,2015,3552205,stable
3552304,2015,3552304,stable
3552403,2015,3552403,stable
3552502,2015,3552502,stable
3552551,2015,3552551,stable
3552601,2015,3552601,stable
3552700,2015,3552700,stable
3552809,2015,3552809,stable
3552908,2015,3552908,stable
3553005,2015,3553005,stable
3553104,2015,3553104,stable
3553203,2015,3553203,stable
3553302,2015,3553302,stable
3553401,2015,3553401,stable
3553500,2015,3553500,stable
3553609,2015,3553609,stable
3553658,2015,3553658,stable
3553708,2015,3553708,stable
3553807,2015,3553807,stable
3553856,2015,3553856,stable
3553906,2015,3553906,stable
3553955,2015,3553955,stable
3554003,2015,3554003,stable
3554102,2015,3554102,stable
3554201,2015,3554201,stable
3554300,2015,3554300,stable
3554409,2015,3554409,stable
3554508,2015,3554508,stable
3554607,2015,3554607,stable
3554656,2015,3554656,stable
3554706,2015,3554706,stable
3554755,2015,3554755,stable
3554805,2015,3554805,stable
3554904,2015,3554904,stable
3554953,2015,3554953,stable
3555000,2015,3555000,stable
3555109,2015,3555109,stable
3555208,2015,3555208,stable
3555307,2015,3555307,stable
3555356,2015,3555356,stable
3555406,2015,3555406,stable
3555505,2015,3555505,stable
3555604,2015,3555604,stable
3555703,2015,3555703,stable
3555802,2015,3555802,stable
3555901,2015,3555901,stable
3556008,2015,3556008,stable
3556107,2015,3556107,stable
3556206,2015,3556206,stable
3556305,2015,3556305,stable
3556354,2015,3556354,stable
3556404,2015,3556404,stable
3556453,2015,3556453,stable
3556503,2015,3556503,stable
3556602,2015,3556602,stable
3556701,2015,3556701,stable
3556800,2015,3556800,stable
3556909,2015,3556909,stable
3556958,2015,3556958,stable
3557006,2015,3557006,stable
3557105,2015,3557105,stable
3557154,2015,3557154,stable
3557204,2015,3557204,stable
3557303,2015,3557303,stable
4100103,2015,4100103,stable
4100202,2015,4100202,stable
4100301,2015,4100301,stable
4100400,2015,4100400,stable
4100459,2015,4100459,stable
4100509,2015,4100509,stable
4100608,2015,4100608,stable
4100707,2015,4100707,stable
4100806,2015,4100806,stable
4100905,2015,4100905,stable
4101002,2015,4101002,stable
4101051,2015,4101051,stable
4101101,2015,4101101,stable
4101150,2015,4101150,stable
4101200,2015,4101200,stable
4101309,2015,4101309,stable
4101408,2015,4101408,stable
4101507,2015,4101507,stable
4101606,2015,4101606,stable
4101655,2015,4101655,stable
4101705,2015,4101705,stable
4101804,2015,4101804,stable
4101853,2015,4101853,stable
4101903,2015,4101903,stable
4102000,2015,4102000,stable
4102109,2015,4102109,stable
4102208,2015,4102208,stable
4102307,2015,4102307,stable
4102406,2015,4102406,stable
4102505,2015,4102505,stable
4102604,2015,4102604,stable
4102703,2015,4102703,stable
4102752,2015,4102752,stable
4102802,2015,4102802,stable
4102901,2015,4102901,stable
4103008,2015,4103008,stable
4103024,2015,4103024,stable
4103040,2015,4103040,stable
4103057,2015,4103057,stable
4103107,2015,4103107,stable
4103156,2015,4103156,stable
4103206,2015,4103206,stable
4103222,2015,4103222,stable
4103305,2015,4103305,stable
4103354,2015,4103354,stable
4103370,2015,4103370,stable
4103404,2015,4103404,stable
4103453,2015,4103453,stable
4103479,2015,4103479,stable
4103503,2015,4103503,stable
4103602,2015,4103602,stable
4103701,2015,4103701,stable
4103800,2015,4103800,stable
4103909,2015,4103909,stable
4103958,2015,4103958,stable
4104006,2015,4104006,stable
4104055,2015,4104055,stable
4104105,2015,4104105,stable
4104204,2015,4104204,stable
4104253,2015,4104253,stable
4104303,2015,4104303,stable
4104402,2015,4104402,stable
4104428,2015,4104428,stable
4104451,2015,4104451,stable
4104501,2015,4104501,stable
4104600,2015,4104600,stable
4104659,2015,4104659,stable
4104709,2015,4104709,stable
4104808,2015,4104808,stable
4104907,2015,4104907,stable
4105003,2015,4105003,stable
4105102,2015,4105102,stable
4105201,2015,4105201,stable
4105300,2015,4105300,stable
4105409,2015,4105409,stable
4105508,2015,4105508,stable
4105607,2015,4105607,stable
4105706,2015,4105706,stable
4105805,2015,4105805,stable
4105904,2015,4105904,stable
4106001,2015,4106001,stable
4106100,2015,4106100,stable
4106209,2015,4106209,stable
4106308,2015,4106308,stable
4106407,2015,4106407,stable
4106456,2015,4106456,stable
4106506,2015,4106506,stable
4106555,2015,4106555,stable
4106571,2015,4106571,stable
4106605,2015,4106605,stable
4106704,2015,4106704,stable
4106803,2015,4106803,stable
4106852,2015,4106852,stable
4106902,2015,4106902,stable
4107009,2015,4107009,stable
4107108,2015,4107108,stable
4107124,2015,4107124,stable
4107157,2015,4107157,stable
4107207,2015,4107207,stable
4107256,2015,4107256,stable
4107306,2015,4107306,stable
4107405,2015,4107405,stable
4107504,2015,4107504,stable
4107520,2015,4107520,stable
4107538,2015,4107538,stable
4107546,2015,4107546,stable
4107553,2015,4107553,stable
4107603,2015,4107603,stable
4107652,2015,4107652,stable
4107702,2015,4107702,stable
4107736,2015,4107736,stable
4107751,2015,4107751,stable
4107801,2015,4107801,stable
4107850,2015,4107850,stable
4107900,2015,4107900,stable
4108007,2015,4108007,stable
4108106,2015,4108106,stable
4108205,2015,4108205,stable
4108304,2015,4108304,stable
4108320,2015,4108320,stable
4108403,2015,4108403,stable
4108452,2015,4108452,stable
4108502,2015,4108502,stable
4108551,2015,4108551,stable
4108601,2015,4108601,stable
4108650,2015,4108650,stable
4108700,2015,4108700,stable
4108809,2015,4108809,stable
4108908,2015,4108908,stable
4108957,2015,4108957,stable
4109005,2015,4109005,stable
4109104,2015,4109104,stable
4109203,2015,4109203,stable
4109302,2015,4109302,stable
4109401,2015,4109401,stable
4109500,2015,4109500,stable
4109609,2015,4109609,stable
4109658,2015,4109658,stable
4109708,2015,4109708,stable
4109757,2015,4109757,stable
4109807,2015,4109807,stable
4109906,2015,4109906,stable
4110003,2015,4110003,stable
4110052,2015,4110052,stable
4110078,2015,4110078,stable
4110102,2015,4110102,stable
4110201,2015,4110201,stable
4110300,2015,4110300,stable
4110409,2015,4110409,stable
4110508,2015,4110508,stable
4110607,2015,4110607,stable
4110656,2015,4110656,stable
4110706,2015,4110706,stable
4110805,2015,4110805,stable
4110904,2015,4110904,stable
4110953,2015,4110953,stable
4111001,2015,4111001,stable
4111100,2015,4111100,stable
4111209,2015,4111209,stable
4111258,2015,4111258,stable
4111308,2015,4111308,stable
4111407,2015,4111407,stable
4111506,2015,4111506,stable
4111555,2015,4111555,stable
4111605,2015,4111605,stable
4111704,2015,4111704,stable
4111803,2015,4111803,stable
4111902,2015,4111902,stable
4112009,2015,4112009,stable
4112108,2015,4112108,stable
4112207,2015,4112207,stable
4112306,2015,4112306,stable
4112405,2015,4112405,stable
4112504,2015,4112504,stable
4112603,2015,4112603,stable
4112702,2015,4112702,stable
4112751,2015,4112751,stable
4112801,2015,4112801,stable
4112900,2015,4112900,stable
4112959,2015,4112959,stable
4113007,2015,4113007,stable
4113106,2015,4113106,stable
4113205,2015,4113205,stable
4113254,2015,4113254,stable
4113304,2015,4113304,stable
4113403,2015,4113403,stable
4113429,2015,4113429,stable
4113452,2015,4113452,stable
4113502,2015,4113502,stable
4113601,2015,4113601,stable
4113700,2015,4113700,stable
4113734,2015,4113734,stable
4113759,2015,4113759,stable
4113809,2015,4113809,stable
4113908,2015,4113908,stable
4114005,2015,4114005,stable
4114104,2015,4114104,stable
4114203,2015,4114203,stable
4114302,2015,4114302,stable
4114351,2015,4114351,stable
4114401,2015,4114401,stable
4114500,2015,4114500,stable
4114609,2015,4114609,stable
4114708,2015,4114708,stable
4114807,2015,4114807,stable
4114906,2015,4114906,stable
4115002,2015,4115002,stable
4115101,2015,4115101,stable
4115200,2015,4115200,stable
4115309,2015,4115309,stable
4115358,2015,4115358,stable
4115408,2015,4115408,stable
4115457,2015,4115457,stable
4115507,2015,4115507,stable
4115606,2015,4115606,stable
4115705,2015,4115705,stable
4115739,2015,4115739,stable
4115754,2015,4115754,stable
4115804,2015,4115804,stable
4115853,2015,4115853,stable
4115903,2015,4115903,stable
4116000,2015,4116000,stable
4116059,2015,4116059,stable
4116109,2015,4116109,stable
4116208,2015,4116208,stable
4116307,2015,4116307,stable
4116406,2015,4116406,stable
4116505,2015,4116505,stable
4116604,2015,4116604,stable
4116703,2015,4116703,stable
4116802,2015,4116802,stable
4116901,2015,4116901,stable
4116950,2015,4116950,stable
4117008,2015,4117008,stable
4117057,2015,4117057,stable
4117107,2015,4117107,stable
4117206,2015,4117206,stable
4117214,2015,4117214,stable
4117222,2015,4117222,stable
4117255,2015,4117255,stable
4117271,2015,4117271,stable
4117297,2015,4117297,stable
4117305,2015,4117305,stable
4117404,2015,4117404,stable
4117453,2015,4117453,stable
4117503,2015,4117503,stable
4117602,2015,4117602,stable
4117701,2015,4117701,stable
4117800,2015,4117800,stable
4117909,2015,4117909,stable
4118006,2015,4118006,stable
4118105,2015,4118105,stable
4118204,2015,4118204,stable
4118303,2015,4118303,stable
4118402,2015,4118402,stable
4118451,2015,4118451,stable
4118501,2015,4118501,stable
4118600,2015,4118600,stable
4118709,2015,4118709,stable
4118808,2015,4118808,stable
4118857,2015,4118857,stable
4118907,2015,4118907,stable
4119004,2015,4119004,stable
4119103,2015,4119103,stable
4119152,2015,4119152,stable
4119202,2015,4119202,stable
4119251,2015,4119251,stable
4119301,2015,4119301,stable
4119400,2015,4119400,stable
4119509,2015,4119509,stable
4119608,2015,4119608,stable
4119657,2015,4119657,stable
4119707,2015,4119707,stable
4119806,2015,4119806,stable
4119905,2015,4119905,stable
4119954,2015,4119954,stable
4120002,2015,4120002,stable
4120101,2015,4120101,stable
4120150,2015,4120150,stable
4120200,2015,4120200,stable
4120309,2015,4120309,stable
4120333,2015,4120333,stable
4120358,2015,4120358,stable
4120408,2015,4120408,stable
4120507,2015,4120507,stable
4120606,2015,4120606,stable
4120655,2015,4120655,stable
4120705,2015,4120705,stable
4120804,2015,4120804,stable
4120853,2015,4120853,stable
4120903,2015,4120903,stable
4121000,2015,4121000,stable
4121109,2015,4121109,stable
4121208,2015,4121208,stable
4121257,2015,4121257,stable
4121307,2015,4121307,stable
4121356,2015,4121356,stable
4121406,2015,4121406,stable
4121505,2015,4121505,stable
4121604,2015,4121604,stable
4121703,2015,4121703,stable
4121752,2015,4121752,stable
4121802,2015,4121802,stable
4121901,2015,4121901,stable
4122008,2015,4122008,stable
4122107,2015,4122107,stable
4122156,2015,4122156,stable
4122172,2015,4122172,stable
4122206,2015,4122206,stable
4122305,2015,4122305,stable
4122404,2015,4122404,stable
4122503,2015,4122503,stable
4122602,2015,4122602,stable
4122651,2015,4122651,stable
4122701,2015,4122701,stable
4122800,2015,4122800,stable
4122909,2015,4122909,stable
4123006,2015,4123006,stable
4123105,2015,4123105,stable
4123204,2015,4123204,stable
4123303,2015,4123303,stable
4123402,2015,4123402,stable
4123501,2015,4123501,stable
4123600,2015,4123600,stable
4123709,2015,4123709,stable
4123808,2015,4123808,stable
4123824,2015,4123824,stable
4123857,2015,4123857,stable
4123907,2015,4123907,stable
4123956,2015,4123956,stable
4124004,2015,4124004,stable
4124020,2015,4124020,stable
4124053,2015,4124053,stable
4124103,2015,4124103,stable
4124202,2015,4124202,stable
4124301,2015,4124301,stable
4124400,2015,4124400,stable
4124509,2015,4124509,stable
4124608,2015,4124608,stable
4124707,2015,4124707,stable
4124806,2015,4124806,stable
4124905,2015,4124905,stable
4125001,2015,4125001,stable
4125100,2015,4125100,stable
4125209,2015,4125209,stable
4125308,2015,4125308,stable
4125357,2015,4125357,stable
4125407,2015,4125407,stable
4125456,2015,4125456,stable
4125506,2015,4125506,stable
4125555,2015,4125555,stable
4125605,2015,4125605,stable
4125704,2015,4125704,stable
4125753,2015,4125753,stable
4125803,2015,4125803,stable
4125902,2015,4125902,stable
4126009,2015,4126009,stable
4126108,2015,4126108,stable
4126207,2015,4126207,stable
4126256,2015,4126256,stable
4126272,2015,4126272,stable
4126306,2015,4126306,stable
4126355,2015,4126355,stable
4126405,2015,4126405,stable
4126504,2015,4126504,stable
4126603,2015,4126603,stable
4126652,2015,4126652,stable
4126678,2015,4126678,stable
4126702,2015,4126702,stable
4126801,2015,4126801,stable
4126900,2015,4126900,stable
4127007,2015,4127007,stable
4127106,2015,4127106,stable
4127205,2015,4127205,stable
4127304,2015,4127304,stable
4127403,2015,4127403,stable
4127502,2015,4127502,stable
4127601,2015,4127601,stable
4127700,2015,4127700,stable
4127809,2015,4127809,stable
4127858,2015,4127858,stable
4127882,2015,4127882,stable
4127908,2015,4127908,stable
4127957,2015,4127957,stable
4127965,2015,4127965,stable
4128005,2015,4128005,stable
4128104,2015,4128104,stable
4128203,2015,4128203,stable
4128302,2015,4128302,stable
4128401,2015,4128401,stable
4128500,2015,4128500,stable
4128534,2015,4128534,stable
4128559,2015,4128559,stable
4128609,2015,4128609,stable
4128625,2015,4128625,stable
4128633,2015,4128633,stable
4128658,2015,4128658,stable
4128708,2015,4128708,stable
4128807,2015,4128807,stable
4200051,2015,4200051,stable
4200101,2015,4200101,stable
4200200,2015,4200200,stable
4200309,2015,4200309,stable
4200408,2015,4200408,stable
4200507,2015,4200507,stable
4200556,2015,4200556,stable
4200606,2015,4200606,stable
4200705,2015,4200705,stable
4200754,2015,4200754,stable
4200804,2015,4200804,stable
4200903,2015,4200903,stable
4201000,2015,4201000,stable
4201109,2015,4201109,stable
4201208,2015,4201208,stable
4201257,2015,4201257,stable
4201273,2015,4201273,stable
4201307,2015,4201307,stable
4201406,2015,4201406,stable
4201505,2015,4201505,stable
4201604,2015,4201604,stable
4201653,2015,4201653,stable
4201703,2015,4201703,stable
4201802,2015,4201802,stable
4201901,2015,4201901,stable
4201950,2015,4201950,stable
4202008,2015,4202008,stable
4202057,2015,4202057,stable
4202073,2015,4202073,stable
4202081,2015,4202081,stable
4202099,2015,4202099,stable
4202107,2015,4202107,stable
4202131,2015,4202131,stable
4202156,2015,4202156,stable
4202206,2015,4202206,stable
4202305,2015,4202305,stable
4202404,2015,4202404,stable
4202438,2015,4202438,stable
4202453,2015,4202453,stable
4202503,2015,4202503,stable
4202537,2015,4202537,stable
4202578,2015,4202578,stable
4202602,2015,4202602,stable
4202701,2015,4202701,stable
4202800,2015,4202800,stable
4202859,2015,4202859,stable
4202875,2015,4202875,stable
4202909,2015,4202909,stable
4203006,2015,4203006,stable
4203105,2015,4203105,stable
4203154,2015,4203154,stable
4203204,2015,4203204,stable
4203253,2015,4203253,stable
4203303,2015,4203303,stable
4203402,2015,4203402,stable
4203501,2015,4203501,stable
4203600,2015,4203600,stable
4203709,2015,4203709,stable
4203808,2015,4203808,stable
4203907,2015,4203907,stable
4203956,2015,4203956,stable
4204004,2015,4204004,stable
4204103,2015,4204103,stable
4204152,2015,4204152,stable
4204178,2015,4204178,stable
4204194,2015,4204194,stable
4204202,2015,4204202,stable
4204251,2015,4204251,stable
4204301,2015,4204301,stable
4204350,2015,4204350,stable
4204400,2015,4204400,stable
4204459,2015,4204459,stable
4204509,2015,4204509,stable
4204558,2015,4204558,stable
4204608,2015,4204608,stable
4204707,2015,4204707,stable
4204756,2015,4204756,stable
4204806,2015,4204806,stable
4204905,2015,4204905,stable
4205001,2015,4205001,stable
4205100,2015,4205100,stable
4205159,2015,4205159,stable
4205175,2015,4205175,stable
4205191,2015,4205191,stable
4205209,2015,4205209,stable
4205308,2015,4205308,stable
4205357,2015,4205357,stable
4205407,2015,4205407,stable
4205431,2015,4205431,stable
4205456,2015,4205456,stable
4205506,2015,4205506,stable
4205555,2015,4205555,stable
4205605,2015,4205605,stable
4205704,2015,4205704,stable
4205803,2015,4205803,stable
4205902,2015,4205902,stable
4206009,2015,4206009,stable
4206108,2015,4206108,stable
4206207,2015,4206207,stable
4206306,2015,4206306,stable
4206405,2015,4206405,stable
4206504,2015,4206504,stable
4206603,2015,4206603,stable
4206652,2015,4206652,stable
4206702,2015,4206702,stable
4206751,2015,4206751,stable
4206801,2015,4206801,stable
4206900,2015,4206900,stable
4207007,2015,4207007,stable
4207106,2015,4207106,stable
4207205,2015,4207205,stable
4207304,2015,4207304,stable
4207403,2015,4207403,stable
4207502,2015,4207502,stable
4207577,2015,4207577,stable
4207601,2015,4207601,stable
4207650,2015,4207650,stable
4207684,2015,4207684,stable
4207700,2015,4207700,stable
4207759,2015,4207759,stable
4207809,2015,4207809,stable
4207858,2015,4207858,stable
4207908,2015,4207908,stable
4208005,2015,4208005,stable
4208104,2015,4208104,stable
4208203,2015,4208203,stable
4208302,2015,4208302,stable
4208401,2015,4208401,stable
4208450,2015,4208450,stable
4208500,2015,4208500,stable
4208609,2015,4208609,stable
4208708,2015,4208708,stable
4208807,2015,4208807,stable
4208906,2015,4208906,stable
4208955,2015,4208955,stable
4209003,2015,4209003,stable
4209102,2015,4209102,stable
4209151,2015,4209151,stable
4209177,2015,4209177,stable
4209201,2015,4209201,stable
4209300,2015,4209300,stable
4209409,2015,4209409,stable
4209458,2015,4209458,stable
4209508,2015,4209508,stable
4209607,2015,4209607,stable
4209706,2015,4209706,stable
4209805,2015,4209805,stable
4209854,2015,4209854,stable
4209904,2015,4209904,stable
4210001,2015,4210001,stable
4210035,2015,4210035,stable
4210050,2015,4210050,stable
4210100,2015,4210100,stable
4210209,2015,4210209,stable
4210308,2015,4210308,stable
4210407,2015,4210407,stable
4210506,2015,4210506,stable
4210555,2015,4210555,stable
4210605,2015,4210605,stable
4210704,2015,4210704,stable
4210803,2015,4210803,stable
4210852,2015,4210852,stable
4210902,2015,4210902,stable
4211009,2015,4211009,stable
4211058,2015,4211058,stable
4211108,2015,4211108,stable
4211207,2015,4211207,stable
4211256,2015,4211256,stable
4211306,2015,4211306,stable
4211405,2015,4211405,stable
4211454,2015,4211454,stable
4211504,2015,4211504,stable
4211603,2015,4211603,stable
4211652,2015,4211652,stable
4211702,2015,4211702,stable
4211751,2015,4211751,stable
4211801,2015,4211801,stable
4211850,2015,4211850,stable
4211876,2015,4211876,stable
4211892,2015,4211892,stable
4211900,2015,4211900,stable
4212007,2015,4212007,stable
4212056,2015,4212056,stable
4212106,2015,4212106,stable
4212205,2015,4212205,stable
4212239,2015,4212239,stable
4212254,2015,4212254,stable
4212270,2015,4212270,stable
4212304,2015,4212304,stable
4212403,2015,4212403,stable
4212502,2015,4212502,stable
4212601,2015,4212601,stable
4212650,2015,4212650,stable
4212700,2015,4212700,stable
4212809,2015,4212809,stable
4212908,2015,4212908,stable
4213005,2015,4213005,stable
4213104,2015,4213104,stable
4213153,2015,4213153,stable
4213203,2015,4213203,stable
4213302,2015,4213302,stable
4213351,2015,4213351,stable
4213401,2015,4213401,stable
4213500,2015,4213500,stable
4213609,2015,4213609,stable
4213708,2015,4213708,stable
4213807,2015,4213807,stable
4213906,2015,4213906,stable
4214003,2015,4214003,stable
4214102,2015,4214102,stable
4214151,2015,4214151,stable
4214201,2015,4214201,stable
4214300,2015,4214300,stable
4214409,2015,4214409,stable
4214508,2015,4214508,stable
4214607,2015,4214607,stable
4214706,2015,4214706,stable
4214805,2015,4214805,stable
4214904,2015,4214904,stable
4215000,2015,4215000,stable
4215059,2015,4215059,stable
4215075,2015,4215075,stable
4215109,2015,4215109,stable
4215208,2015,4215208,stable
4215307,2015,4215307,stable
4215356,2015,4215356,stable
4215406,2015,4215406,stable
4215455,2015,4215455,stable
4215505,2015,4215505,stable
4215554,2015,4215554,stable
4215604,2015,4215604,stable
4215653,2015,4215653,stable
4215679,2015,4215679,stable
4215687,2015,4215687,stable
4215695,2015,4215695,stable
4215703,2015,4215703,stable
4215752,2015,4215752,stable
4215802,2015,4215802,stable
4215901,2015,4215901,stable
4216008,2015,4216008,stable
4216057,2015,4216057,stable
4216107,2015,4216107,stable
4216206,2015,4216206,stable
4216255,2015,4216255,stable
4216305,2015,4216305,stable
4216354,2015,4216354,stable
4216404,2015,4216404,stable
4216503,2015,4216503,stable
4216602,2015,4216602,stable
4216701,2015,4216701,stable
4216800,2015,4216800,stable
4216909,2015,4216909,stable
4217006,2015,4217006,stable
4217105,2015,4217105,stable
4217154,2015,4217154,stable
4217204,2015,4217204,stable
4217253,2015,4217253,stable
4217303,2015,4217303,stable
4217402,2015,4217402,stable
4217501,2015,4217501,stable
4217550,2015,4217550,stable
4217600,2015,4217600,stable
4217709,2015,4217709,stable
4217758,2015,4217758,stable
4217808,2015,4217808,stable
4217907,2015,4217907,stable
4217956,2015,4217956,stable
4218004,2015,4218004,stable
4218103,2015,4218103,stable
4218202,2015,4218202,stable
4218251,2015,4218251,stable
4218301,2015,4218301,stable
4218350,2015,4218350,stable
4218400,2015,4218400,stable
4218509,2015,4218509,stable
4218608,2015,4218608,stable
4218707,2015,4218707,stable
4218756,2015,4218756,stable
4218806,2015,4218806,stable
4218855,2015,4218855,stable
4218905,2015,4218905,stable
4218954,2015,4218954,stable
4219002,2015,4219002,stable
4219101,2015,4219101,stable
4219150,2015,4219150,stable
4219176,2015,4219176,stable
4219200,2015,4219200,stable
4219309,2015,4219309,stable
4219358,2015,4219358,stable
4219408,2015,4219408,stable
4219507,2015,4219507,stable
4219606,2015,4219606,stable
4219705,2015,4219705,stable
4219853,2015,4219853,stable
4220000,2015,4220000,stable
4300034,2015,4300034,stable
4300059,2015,4300059,stable
4300109,2015,4300109,stable
4300208,2015,4300208,stable
4300307,2015,4300307,stable
4300406,2015,4300406,stable
4300455,2015,4300455,stable
4300471,2015,4300471,stable
4300505,2015,4300505,stable
4300554,2015,4300554,stable
4300570,2015,4300570,stable
4300604,2015,4300604,stable
4300638,2015,4300638,stable
4300646,2015,4300646,stable
4300661,2015,4300661,stable
4300703,2015,4300703,stable
4300802,2015,4300802,stable
4300851,2015,4300851,stable
4300877,2015,4300877,stable
4300901,2015,4300901,stable
4301008,2015,4301008,stable
4301057,2015,4301057,stable
4301073,2015,4301073,stable
4301107,2015,4301107,stable
4301206,2015,4301206,stable
4301305,2015,4301305,stable
4301404,2015,4301404,stable
4301503,2015,4301503,stable
4301552,2015,4301552,stable
4301602,2015,4301602,stable
4301636,2015,4301636,stable
4301651,2015,4301651,stable
4301701,2015,4301701,stable
4301750,2015,4301750,stable
4301800,2015,4301800,stable
4301859,2015,4301859,stable
4301875,2015,4301875,stable
4301909,2015,4301909,stable
4301925,2015,4301925,stable
4301958,2015,4301958,stable
4302006,2015,4302006,stable
4302055,2015,4302055,stable
4302105,2015,4302105,stable
4302154,2015,4302154,stable
4302204,2015,4302204,stable
4302220,2015,4302220,stable
4302238,2015,4302238,stable
4302253,2015,4302253,stable
4302303,2015,4302303,stable
4302352,2015,4302352,stable
4302378,2015,4302378,stable
4302402,2015,4302402,stable
4302451,2015,4302451,stable
4302501,2015,4302501,stable
4302584,2015,4302584,stable
4302600,2015,4302600,stable
4302659,2015,4302659,stable
4302709,2015,4302709,stable
4302808,2015,4302808,stable
4302907,2015,4302907,stable
4303004,2015,4303004,stable
4303103,2015,4303103,stable
4303202,2015,4303202,stable
4303301,2015,4303301,stable
4303400,2015,4303400,stable
4303509,2015,4303509,stable
4303558,2015,4303558,stable
4303608,2015,4303608,stable
4303673,2015,4303673,stable
4303707,2015,4303707,stable
4303806,2015,4303806,stable
4303905,2015,4303905,stable
4304002,2015,4304002,stable
4304101,2015,4304101,stable
4304200,2015,4304200,stable
4304309,2015,4304309,stable
4304358,2015,4304358,stable
4304408,2015,4304408,stable
4304507,2015,4304507,stable
4304606,2015,4304606,stable
4304614,2015,4304614,stable
4304622,2015,4304622,stable
4304630,2015,4304630,stable
4304655,2015,4304655,stable
4304663,2015,4304663,stable
4304671,2015,4304671,stable
4304689,2015,4304689,stable
4304697,2015,4304697,stable
4304705,2015,4304705,stable
4304713,2015,4304713,stable
4304804,2015,4304804,stable
4304853,2015,4304853,stable
4304903,2015,4304903,stable
4304952,2015,4304952,stable
4305009,2015,4305009,stable
4305108,2015,4305108,stable
4305116,2015,4305116,stable
4305124,2015,4305124,stable
4305132,2015,4305132,stable
4305157,2015,4305157,stable
4305173,2015,4305173,stable
4305207,2015,4305207,stable
4305306,2015,4305306,stable
4305355,2015,4305355,stable
4305371,2015,4305371,stable
4305405,2015,4305405,stable
4305439,2015,4305439,stable
4305447,2015,4305447,stable
4305454,2015,4305454,stable
4305504,2015,4305504,stable
4305587,2015,4305587,stable
4305603,2015,4305603,stable
4305702,2015,4305702,stable
4305801,2015,4305801,stable
4305835,2015,4305835,stable
4305850,2015,4305850,stable
4305871,2015,4305871,stable
4305900,2015,4305900,stable
4305934,2015,4305934,stable
4305959,2015,4305959,stable
4305975,2015,4305975,stable
4306007,2015,4306007,stable
4306056,2015,4306056,stable
4306072,2015,4306072,stable
4306106,2015,4306106,stable
4306130,2015,4306130,stable
4306205,2015,4306205,stable
4306304,2015,4306304,stable
4306320,2015,4306320,stable
4306353,2015,4306353,stable
4306379,2015,4306379,stable
4306403,2015,4306403,stable
4306429,2015,4306429,stable
4306452,2015,4306452,stable
4306502,2015,4306502,stable
4306551,2015,4306551,stable
4306601,2015,4306601,stable
4306700,2015,4306700,stable
4306734,2015,4306734,stable
4306759,2015,4306759,stable
4306767,2015,4306767,stable
4306809,2015,4306809,stable
4306908,2015,4306908,stable
4306924,2015,4306924,stable
4306932,2015,4306932,stable
4306957,2015,4306957,stable
4306973,2015,4306973,stable
4307005,2015,4307005,stable
4307054,2015,4307054,stable
4307104,2015,4307104,stable
4307203,2015,4307203,stable
4307302,2015,4307302,stable
4307401,2015,4307401,stable
4307450,2015,4307450,stable
4307500,2015,4307500,stable
4307559,2015,4307559,stable
4307609,2015,4307609,stable
4307708,2015,4307708,stable
4307807,2015,4307807,stable
4307815,2015,4307815,stable
4307831,2015,4307831,stable
4307864,2015,4307864,stable
4307906,2015,4307906,stable
4308003,2015,4308003,stable
4308052,2015,4308052,stable
4308078,2015,4308078,stable
4308102,2015,4308102,stable
4308201,2015,4308201,stable
4308250,2015,4308250,stable
4308300,2015,4308300,stable
4308409,2015,4308409,stable
4308433,2015,4308433,stable
4308458,2015,4308458,stable
4308508,2015,4308508,stable
4308607,2015,4308607,stable
4308656,2015,4308656,stable
4308706,2015,4308706,stable
4308805,2015,4308805,stable
4308854,2015,4308854,stable
4308904,2015,4308904,stable
4309001,2015,4309001,stable
4309050,2015,4309050,stable
4309100,2015,4309100,stable
4309126,2015,4309126,stable
4309159,2015,4309159,stable
4309209,2015,4309209,stable
4309258,2015,4309258,stable
4309308,2015,4309308,stable
4309407,2015,4309407,stable
4309506,2015,4309506,stable
4309555,2015,4309555,stable
4309571,2015,4309571,stable
4309605,2015,4309605,stable
4309654,2015,4309654,stable
4309704,2015,4309704,stable
4309753,2015,4309753,stable
4309803,2015,4309803,stable
4309902,2015,4309902,stable
4309951,2015,4309951,stable
4310009,2015,4310009,stable
4310108,2015,4310108,stable
4310207,2015,4310207,stable
4310306,2015,4310306,stable
4310330,2015,4310330,stable
4310363,2015,4310363,stable
4310405,2015,4310405,stable
4310413,2015,4310413,stable
4310439,2015,4310439,stable
4310462,2015,4310462,stable
4310504,2015,4310504,stable
4310538,2015,4310538,stable
4310553,2015,4310553,stable
4310579,2015,4310579,stable
4310603,2015,4310603,stable
4310652,2015,4310652,stable
4310702,2015,4310702,stable
4310751,2015,4310751,stable
4310801,2015,4310801,stable
4310850,2015,4310850,stable
4310876,2015,4310876,stable
4310900,2015,4310900,stable
4311007,2015,4311007,stable
4311106,2015,4311106,stable
4311122,2015,4311122,stable
4311130,2015,4311130,stable
4311155,2015,4311155,stable
4311205,2015,4311205,stable
4311239,2015,4311239,stable
4311254,2015,4311254,stable
4311270,2015,4311270,stable
4311304,2015,4311304,stable
4311403,2015,4311403,stable
4311429,2015,4311429,stable
4311502,2015,4311502,stable
4311601,2015,4311601,stable
4311627,2015,4311627,stable
4311643,2015,4311643,stable
4311700,2015,4311700,stable
4311718,2015,4311718,stable
4311734,2015,4311734,stable
4311759,2015,4311759,stable
4311775,2015,4311775,stable
4311791,2015,4311791,stable
4311809,2015,4311809,stable
4311908,2015,4311908,stable
4311981,2015,4311981,stable
4312005,2015,4312005,stable
4312054,2015,4312054,stable
4312104,2015,4312104,stable
4312138,2015,4312138,stable
4312153,2015,4312153,stable
4312179,2015,4312179,stable
4312203,2015,4312203,stable
4312252,2015,4312252,stable
4312302,2015,4312302,stable
4312351,2015,4312351,stable
4312377,2015,4312377,stable
4312385,2015,4312385,stable
4312401,2015,4312401,stable
4312427,2015,4312427,stable
4312443,2015,4312443,stable
4312450,2015,4312450,stable
4312476,2015,4312476,stable
4312500,2015,4312500,stable
4312609,2015,4312609,stable
4312617,2015,4312617,stable
4312625,2015,4312625,stable
4312658,2015,4312658,stable
4312674,2015,4312674,stable
4312708,2015,4312708,stable
4312757,2015,4312757,stable
4312807,2015,4312807,stable
4312906,2015,4312906,stable
4312955,2015,4312955,stable
4313003,2015,4313003,stable
4313011,2015,4313011,stable
4313037,2015,4313037,stable
4313060,2015,4313060,stable
4313086,2015,4313086,stable
4313102,2015,4313102,stable
4313201,2015,4313201,stable
4313300,2015,4313300,stable
4313334,2015,4313334,stable
4313359,2015,4313359,stable
4313375,2015,4313375,stable
4313391,2015,4313391,stable
4313409,2015,4313409,stable
4313425,2015,4313425,stable
4313441,2015,4313441,stable
4313466,2015,4313466,stable
4313490,2015,4313490,stable
4313508,2015,4313508,stable
4313607,2015,4313607,stable
4313656,2015,4313656,stable
4313706,2015,4313706,stable
4313805,2015,4313805,stable
4313904,2015,4313904,stable
4313953,2015,4313953,stable
4314001,2015,4314001,stable
4314027,2015,4314027,stable
4314035,2015,4314035,stable
4314050,2015,4314050,stable
4314068,2015,4314068,stable
4314076,2015,4314076,stable
4314100,2015,4314100,stable
4314134,2015,4314134,stable
4314159,2015,4314159,stable
4314175,2015,4314175,stable
4314209,2015,4314209,stable
4314308,2015,4314308,stable
4314407,2015,4314407,stable
4314423,2015,4314423,stable
4314456,2015,4314456,stable
4314464,2015,4314464,stable
4314472,2015,4314472,stable
4314498,2015,4314498,stable
4314506,2015,4314506,stable
4314548,2015,4314548,stable
4314555,2015,4314555,stable
4314605,2015,4314605,stable
4314704,2015,4314704,stable
4314753,2015,4314753,stable
4314779,2015,4314779,stable
4314787,2015,4314787,stable
4314803,2015,4314803,stable
4314902,2015,4314902,stable
4315008,2015,4315008,stable
4315057,2015,4315057,stable
4315073,2015,4315073,stable
4315107,2015,4315107,stable
4315131,2015,4315131,stable
4315149,2015,4315149,stable
4315156,2015,4315156,stable
4315172,2015,4315172,stable
4315206,2015,4315206,stable
4315305,2015,4315305,stable
4315313,2015,4315313,stable
4315321,2015,4315321,stable
4315354,2015,4315354,stable
4315404,2015,4315404,stable
4315453,2015,4315453,stable
4315503,2015,4315503,stable
4315552,2015,4315552,stable
4315602,2015,4315602,stable
4315701,2015,4315701,stable
4315750,2015,4315750,stable
4315800,2015,4315800,stable
4315909,2015,4315909,stable
4315958,2015,4315958,stable
4316006,2015,4316006,stable
4316105,2015,4316105,stable
4316204,2015,4316204,stable
4316303,2015,4316303,stable
4316402,2015,4316402,stable
4316428,2015,4316428,stable
4316436,2015,4316436,stable
4316451,2015,4316451,stable
4316477,2015,4316477,stable
4316501,2015,4316501,stable
4316600,2015,4316600,stable
4316709,2015,4316709,stable
4316733,2015,4316733,stable
4316758,2015,4316758,stable
4316808,2015,4316808,stable
4316907,2015,4316907,stable
4316956,2015,4316956,stable
4316972,2015,4316972,stable
4317004,2015,4317004,stable
4317103,2015,4317103,stable
4317202,2015,4317202,stable
4317251,2015,4317251,stable
4317301,2015,4317301,stable
4317400,2015,4317400,stable
4317509,2015,4317509,stable
4317558,2015,4317558,stable
4317608,2015,4317608,stable
4317707,2015,4317707,stable
4317756,2015,4317756,stable
4317806,2015,4317806,stable
4317905,2015,4317905,stable
4317954,2015,4317954,stable
4318002,2015,4318002,stable
4318051,2015,4318051,stable
4318101,2015,4318101,stable
4318200,2015,4318200,stable
4318309,2015,4318309,stable
4318408,2015,4318408,stable
4318424,2015,4318424,stable
4318432,2015,4318432,stable
4318440,2015,4318440,stable
4318457,2015,4318457,stable
4318465,2015,4318465,stable
4318481,2015,4318481,stable
4318499,2015,4318499,stable
4318507,2015,4318507,stable
4318606,2015,4318606,stable
4318614,2015,4318614,stable
4318622,2015,4318622,stable
4318705,2015,4318705,stable
4318804,2015,4318804,stable
4318903,2015,4318903,stable
4319000,2015,4319000,stable
4319109,2015,4319109,stable
4319125,2015,4319125,stable
4319158,2015,4319158,stable
4319208,2015,4319208,stable
4319307,2015,4319307,stable
4319356,2015,4319356,stable
4319364,2015,4319364,stable
4319372,2015,4319372,stable
4319406,2015,4319406,stable
4319505,2015,4319505,stable
4319604,2015,4319604,stable
4319703,2015,4319703,stable
4319711,2015,4319711,stable
4319737,2015,4319737,stable
4319752,2015,4319752,stable
4319802,2015,4319802,stable
4319901,2015,4319901,stable
4320008,2015,4320008,stable
4320107,2015,4320107,stable
4320206,2015,4320206,stable
4320230,2015,4320230,stable
4320263,2015,4320263,stable
4320305,2015,4320305,stable
4320321,2015,4320321,stable
4320354,2015,4320354,stable
4320404,2015,4320404,stable
4320453,2015,4320453,stable
4320503,2015,4320503,stable
4320552,2015,4320552,stable
4320578,2015,4320578,stable
4320602,2015,4320602,stable
4320651,2015,4320651,stable
4320677,2015,4320677,stable
4320701,2015,4320701,stable
4320800,2015,4320800,stable
4320859,2015,4320859,stable
4320909,2015,4320909,stable
4321006,2015,4321006,stable
4321105,2015,4321105,stable
4321204,2015,4321204,stable
4321303,2015,4321303,stable
4321329,2015,4321329,stable
4321352,2015,4321352,stable
4321402,2015,4321402,stable
4321436,2015,4321436,stable
4321451,2015,4321451,stable
4321469,2015,4321469,stable
4321477,2015,4321477,stable
4321493,2015,4321493,stable
4321501,2015,4321501,stable
4321600,2015,4321600,stable
4321626,2015,4321626,stable
4321634,2015,4321634,stable
4321667,2015,4321667,stable
4321709,2015,4321709,stable
4321808,2015,4321808,stable
4321832,2015,4321832,stable
4321857,2015,4321857,stable
4321907,2015,4321907,stable
4321956,2015,4321956,stable
4322004,2015,4322004,stable
4322103,2015,4322103,stable
4322152,2015,4322152,stable
4322186,2015,4322186,stable
4322202,2015,4322202,stable
4322251,2015,4322251,stable
4322301,2015,4322301,stable
4322327,2015,4322327,stable
4322343,2015,4322343,stable
4322350,2015,4322350,stable
4322376,2015,4322376,stable
4322400,2015,4322400,stable
4322509,2015,4322509,stable
4322525,2015,4322525,stable
4322533,2015,4322533,stable
4322541,2015,4322541,stable
4322558,2015,4322558,stable
4322608,2015,4322608,stable
4322707,2015,4322707,stable
4322806,2015,4322806,stable
4322855,2015,4322855,stable
4322905,2015,4322905,stable
4323002,2015,4323002,stable
4323101,2015,4323101,stable
4323200,2015,4323200,stable
4323309,2015,4323309,stable
4323358,2015,4323358,stable
4323408,2015,4323408,stable
4323457,2015,4323457,stable
4323507,2015,4323507,stable
4323606,2015,4323606,stable
4323705,2015,4323705,stable
4323754,2015,4323754,stable
4323770,2015,4323770,stable
4323804,2015,4323804,stable
5000203,2015,5000203,stable
5000252,2015,5000252,stable
5000609,2015,5000609,stable
5000708,2015,5000708,stable
5000807,2015,5000807,stable
5000856,2015,5000856,stable
5000906,2015,5000906,stable
5001003,2015,5001003,stable
5001102,2015,5001102,stable
5001243,2015,5001243,stable
5001508,2015,5001508,stable
5001904,2015,5001904,stable
5002001,2015,5002001,stable
5002100,2015,5002100,stable
5002159,2015,5002159,stable
5002209,2015,5002209,stable
5002308,2015,5002308,stable
5002407,2015,5002407,stable
5002605,2015,5002605,stable
5002704,2015,5002704,stable
5002803,2015,5002803,stable
5002902,2015,5002902,stable
5002951,2015,5002951,stable
5003108,2015,5003108,stable
5003157,2015,5003157,stable
5003207,2015,5003207,stable
5003256,2015,5003256,stable
5003306,2015,5003306,stable
5003454,2015,5003454,stable
5003488,2015,5003488,stable
5003504,2015,5003504,stable
5003702,2015,5003702,stable
5003751,2015,5003751,stable
5003801,2015,5003801,stable
5003900,2015,5003900,stable
5004007,2015,5004007,stable
5004106,2015,5004106,stable
5004304,2015,5004304,stable
5004403,2015,5004403,stable
5004502,2015,5004502,stable
5004601,2015,5004601,stable
5004700,2015,5004700,stable
5004809,2015,5004809,stable
5004908,2015,5004908,stable
5005004,2015,5005004,stable
5005103,2015,5005103,stable
5005152,2015,5005152,stable
5005202,2015,5005202,stable
5005251,2015,5005251,stable
5005400,2015,5005400,stable
5005608,2015,5005608,stable
5005681,2015,5005681,stable
5005707,2015,5005707,stable
5005806,2015,5005806,stable
5006002,2015,5006002,stable
5006200,2015,5006200,stable
5006259,2015,5006259,stable
5006275,2015,5006275,stable
5006309,2015,5006309,stable
5006358,2015,5006358,stable
5006408,2015,5006408,stable
5006606,2015,5006606,stable
5006903,2015,5006903,stable
5007109,2015,5007109,stable
5007208,2015,5007208,stable
5007307,2015,5007307,stable
5007406,2015,5007406,stable
5007505,2015,5007505,stable
5007554,2015,5007554,stable
5007695,2015,5007695,stable
5007703,2015,5007703,stable
5007802,2015,5007802,stable
5007901,2015,5007901,stable
5007935,2015,5007935,stable
5007950,2015,5007950,stable
5007976,2015,5007976,stable
5008008,2015,5008008,stable
5008305,2015,5008305,stable
5008404,2015,5008404,stable
5100102,2015,5100102,stable
5100201,2015,5100201,stable
5100250,2015,5100250,stable
5100300,2015,5100300,stable
5100359,2015,5100359,stable
5100409,2015,5100409,stable
5100508,2015,5100508,stable
5100607,2015,5100607,stable
5100805,2015,5100805,stable
5101001,2015,5101001,stable
5101209,2015,5101209,stable
5101258,2015,5101258,stable
5101308,2015,5101308,stable
5101407,2015,5101407,stable
5101605,2015,5101605,stable
5101704,2015,5101704,stable
5101803,2015,5101803,stable
5101837,2015,5101837,stable
5101852,2015,5101852,stable
5101902,2015,5101902,stable
5102504,2015,5102504,stable
5102603,2015,5102603,stable
5102637,2015,5102637,stable
5102678,2015,5102678,stable
5102686,2015,5102686,stable
5102694,2015,5102694,stable
5102702,2015,5102702,stable
5102793,2015,5102793,stable
5102850,2015,5102850,stable
5103007,2015,5103007,stable
5103056,2015,5103056,stable
5103106,2015,5103106,stable
5103205,2015,5103205,stable
5103254,2015,5103254,stable
5103304,2015,5103304,stable
5103353,2015,5103353,stable
5103361,2015,5103361,stable
5103379,2015,5103379,stable
5103403,2015,5103403,stable
5103437,2015,5103437,stable
5103452,2015,5103452,stable
5103502,2015,5103502,stable
5103601,2015,5103601,stable
5103700,2015,5103700,stable
5103809,2015,5103809,stable
5103858,2015,5103858,stable
5103908,2015,5103908,stable
5103957,2015,5103957,stable
5104104,2015,5104104,stable
5104203,2015,5104203,stable
5104500,2015,5104500,stable
5104526,2015,5104526,stable
5104542,2015,5104542,stable
5104559,2015,5104559,stable
5104609,2015,5104609,stable
5104807,2015,5104807,stable
5104906,2015,5104906,stable
5105002,2015,5105002,stable
5105101,2015,5105101,stable
5105150,2015,5105150,stable
5105176,2015,5105176,stable
5105200,2015,5105200,stable
5105234,2015,5105234,stable
5105259,2015,5105259,stable
5105309,2015,5105309,stable
5105507,2015,5105507,stable
5105580,2015,5105580,stable
5105606,2015,5105606,stable
5105622,2015,5105622,stable
5105903,2015,5105903,stable
5106000,2015,5106000,stable
5106109,2015,5106109,stable
5106158,2015,5106158,stable
5106174,2015,5106174,stable
5106182,2015,5106182,stable
5106190,2015,5106190,stable
5106208,2015,5106208,stable
5106216,2015,5106216,stable
5106224,2015,5106224,stable
5106232,2015,5106232,stable
5106240,2015,5106240,stable
5106257,2015,5106257,stable
5106265,2015,5106265,stable
5106273,2015,5106273,stable
5106281,2015,5106281,stable
5106299,2015,5106299,stable
5106307,2015,5106307,stable
5106315,2015,5106315,stable
5106372,2015,5106372,stable
5106422,2015,5106422,stable
5106455,2015,5106455,stable
5106505,2015,5106505,stable
5106653,2015,5106653,stable
5106703,2015,5106703,stable
5106752,2015,5106752,stable
5106778,2015,5106778,stable
5106802,2015,5106802,stable
5106828,2015,5106828,stable
5106851,2015,5106851,stable
5107008,2015,5107008,stable
5107040,2015,5107040,stable
5107065,2015,5107065,stable
5107107,2015,5107107,stable
5107156,2015,5107156,stable
5107180,2015,5107180,stable
5107198,2015,5107198,stable
5107206,2015,5107206,stable
5107248,2015,5107248,stable
5107263,2015,5107263,stable
5107297,2015,5107297,stable
5107305,2015,5107305,stable
5107354,2015,5107354,stable
5107404,2015,5107404,stable
5107578,2015,5107578,stable
5107602,2015,5107602,stable
5107701,2015,5107701,stable
5107743,2015,5107743,stable
5107750,2015,5107750,stable
5107768,2015,5107768,stable
5107776,2015,5107776,stable
5107792,2015,5107792,stable
5107800,2015,5107800,stable
5107859,2015,5107859,stable
5107875,2015,5107875,stable
5107883,2015,5107883,stable
5107909,2015,5107909,stable
5107925,2015,5107925,stable
5107941,2015,5107941,stable
5107958,2015,5107958,stable
5108006,2015,5108006,stable
5108055,2015,5108055,stable
5108105,2015,5108105,stable
5108204,2015,5108204,stable
5108303,2015,5108303,stable
5108352,2015,5108352,stable
5108402,2015,5108402,stable
5108501,2015,5108501,stable
5108600,2015,5108600,stable
5108808,2015,5108808,stable
5108857,2015,5108857,stable
5108907,2015,5108907,stable
5108956,2015,5108956,stable
5200050,2015,5200050,stable
5200100,2015,5200100,stable
5200134,2015,5200134,stable
5200159,2015,5200159,stable
5200175,2015,5200175,stable
5200209,2015,5200209,stable
5200258,2015,5200258,stable
5200308,2015,5200308,stable
5200506,2015,5200506,stable
5200555,2015,5200555,stable
5200605,2015,5200605,stable
5200803,2015,5200803,stable
5200829,2015,5200829,stable
5200852,2015,5200852,stable
5200902,2015,5200902,stable
5201108,2015,5201108,stable
5201207,2015,5201207,stable
5201306,2015,5201306,stable
5201405,2015,5201405,stable
5201454,2015,5201454,stable
5201504,2015,5201504,stable
5201603,2015,5201603,stable
5201702,2015,5201702,stable
5201801,2015,5201801,stable
5202155,2015,5202155,stable
5202353,2015,5202353,stable
5202502,2015,5202502,stable
5202601,2015,5202601,stable
5202809,2015,5202809,stable
5203104,2015,5203104,stable
5203203,2015,5203203,stable
5203302,2015,5203302,stable
5203401,2015,5203401,stable
5203500,2015,5203500,stable
5203559,2015,5203559,stable
5203575,2015,5203575,stable
5203609,2015,5203609,stable
5203807,2015,5203807,stable
5203906,2015,5203906,stable
5203939,2015,5203939,stable
5203962,2015,5203962,stable
5204003,2015,5204003,stable
5204102,2015,5204102,stable
5204201,2015,5204201,stable
5204250,2015,5204250,stable
5204300,2015,5204300,stable
5204409,2015,5204409,stable
5204508,2015,5204508,stable
5204557,2015,5204557,stable
5204607,2015,5204607,stable
5204656,2015,5204656,stable
5204706,2015,5204706,stable
5204805,2015,5204805,stable
5204854,2015,5204854,stable
5204904,2015,5204904,stable
5204953,2015,5204953,stable
5205000,2015,5205000,stable
5205059,2015,5205059,stable
5205109,2015,5205109,stable
5205208,2015,5205208,stable
5205307,2015,5205307,stable
5205406,2015,5205406,stable
5205455,2015,5205455,stable
5205471,2015,5205471,stable
5205497,2015,5205497,stable
5205513,2015,5205513,stable
5205521,2015,5205521,stable
5205703,2015,5205703,stable
5205802,2015,5205802,stable
5205901,2015,5205901,stable
5206206,2015,5206206,stable
5206305,2015,5206305,stable
5206404,2015,5206404,stable
5206503,2015,5206503,stable
5206602,2015,5206602,stable
5206701,2015,5206701,stable
5206800,2015,5206800,stable
5206909,2015,5206909,stable
5207105,2015,5207105,stable
5207253,2015,5207253,stable
5207352,2015,5207352,stable
5207402,2015,5207402,stable
5207501,2015,5207501,stable
5207535,2015,5207535,stable
5207600,2015,5207600,stable
5207808,2015,5207808,stable
5207907,2015,5207907,stable
5208004,2015,5208004,stable
5208103,2015,5208103,stable
5208152,2015,5208152,stable
5208301,2015,5208301,stable
5208400,2015,5208400,stable
5208509,2015,5208509,stable
5208608,2015,5208608,stable
5208707,2015,5208707,stable
5208806,2015,5208806,stable
5208905,2015,5208905,stable
5209101,2015,5209101,stable
5209150,2015,5209150,stable
5209200,2015,5209200,stable
5209291,2015,5209291,stable
5209408,2015,5209408,stable
5209457,2015,5209457,stable
5209606,2015,5209606,stable
5209705,2015,5209705,stable
5209804,2015,5209804,stable
5209903,2015,5209903,stable
5209937,2015,5209937,stable
5209952,2015,5209952,stable
5210000,2015,5210000,stable
5210109,2015,5210109,stable
5210158,2015,5210158,stable
5210208,2015,5210208,stable
5210307,2015,5210307,stable
5210406,2015,5210406,stable
5210562,2015,5210562,stable
5210604,2015,5210604,stable
5210802,2015,5210802,stable
5210901,2015,5210901,stable
5211008,2015,5211008,stable
5211206,2015,5211206,stable
5211305,2015,5211305,stable
5211404,2015,5211404,stable
5211503,2015,5211503,stable
5211602,2015,5211602,stable
5211701,2015,5211701,stable
5211800,2015,5211800,stable
5211909,2015,5211909,stable
5212006,2015,5212006,stable
5212055,2015,5212055,stable
5212105,2015,5212105,stable
5212204,2015,5212204,stable
5212253,2015,5212253,stable
5212303,2015,5212303,stable
5212501,2015,5212501,stable
5212600,2015,5212600,stable
5212709,2015,5212709,stable
5212808,2015,5212808,stable
5212907,2015,5212907,stable
5212956,2015,5212956,stable
5213004,2015,5213004,stable
5213053,2015,5213053,stable
5213087,2015,5213087,stable
5213103,2015,5213103,stable
5213400,2015,5213400,stable
5213509,2015,5213509,stable
5213707,2015,5213707,stable
5213756,2015,5213756,stable
5213772,2015,5213772,stable
5213806,2015,5213806,stable
5213855,2015,5213855,stable
5213905,2015,5213905,stable
5214002,2015,5214002,stable
5214051,2015,5214051,stable
5214101,2015,5214101,stable
5214408,2015,5214408,stable
5214507,2015,5214507,stable
5214606,2015,5214606,stable
5214705,2015,5214705,stable
5214804,2015,5214804,stable
5214838,2015,5214838,stable
5214861,2015,5214861,stable
5214879,2015,5214879,stable
5214903,2015,5214903,stable
5215009,2015,5215009,stable
5215207,2015,5215207,stable
5215231,2015,5215231,stable
5215256,2015,5215256,stable
5215306,2015,5215306,stable
5215405,2015,5215405,stable
5215504,2015,5215504,stable
5215603,2015,5215603,stable
5215652,2015,5215652,stable
5215702,2015,5215702,stable
5215801,2015,5215801,stable
5215900,2015,5215900,stable
5216007,2015,5216007,stable
5216304,2015,5216304,stable
5216403,2015,5216403,stable
5216452,2015,5216452,stable
5216809,2015,5216809,stable
5216908,2015,5216908,stable
5217104,2015,5217104,stable
5217203,2015,5217203,stable
5217302,2015,5217302,stable
5217401,2015,5217401,stable
5217609,2015,5217609,stable
5217708,2015,5217708,stable
5218003,2015,5218003,stable
5218052,2015,5218052,stable
5218102,2015,5218102,stable
5218300,2015,5218300,stable
5218391,2015,5218391,stable
5218508,2015,5218508,stable
5218607,2015,5218607,stable
5218706,2015,5218706,stable
5218789,2015,5218789,stable
5218805,2015,5218805,stable
5218904,2015,5218904,stable
5219001,2015,5219001,stable
5219100,2015,5219100,stable
5219209,2015,5219209,stable
5219258,2015,5219258,stable
5219308,2015,5219308,stable
5219357,2015,5219357,stable
5219407,2015,5219407,stable
5219456,2015,5219456,stable
5219506,2015,5219506,stable
5219605,2015,5219605,stable
5219704,2015,5219704,stable
5219712,2015,5219712,stable
5219738,2015,5219738,stable
5219753,2015,5219753,stable
5219803,2015,5219803,stable
5219902,2015,5219902,stable
5220009,2015,5220009,stable
5220058,2015,5220058,stable
5220108,2015,5220108,stable
5220157,2015,5220157,stable
5220207,2015,5220207,stable
5220264,2015,5220264,stable
5220280,2015,5220280,stable
5220405,2015,5220405,stable
5220454,2015,5220454,stable
5220504,2015,5220504,stable
5220603,2015,5220603,stable
5220686,2015,5220686,stable
5220702,2015,5220702,stable
5221007,2015,5221007,stable
5221080,2015,5221080,stable
5221197,2015,5221197,stable
5221304,2015,5221304,stable
5221403,2015,5221403,stable
5221452,2015,5221452,stable
5221502,2015,5221502,stable
5221551,2015,5221551,stable
5221577,2015,5221577,stable
5221601,2015,5221601,stable
5221700,2015,5221700,stable
5221809,2015,5221809,stable
5221858,2015,5221858,stable
5221908,2015,5221908,stable
5222005,2015,5222005,stable
5222054,2015,5222054,stable
5222203,2015,5222203,stable
5222302,2015,5222302,stable
5300108,2015,5300108,stable
